Gender,Age,Interest/Hobby,Gift Recommendation,,,
Male,1,Playing,"Baby Walker, Baby Rattles Toy, Gift Card, Chocolate Box, Notebook",,,
Male,1,Toys,"Building Blocks, Toy Car, Action Figure, Puzzle Set, Puzzle",,,
Male,2,Drawing,"Finger Paint Kit, Sketch Book, Color Pencils, Marker Set, Art Apron",,,
Male,2,Music,"Baby Xylophone, Headphones, Music Book, Tambourine, Bluetooth Speaker",,,
Male,2,Toys,"Building Blocks, Toy Car, Action Figure, Soft toys, Puzzle Set",,,
Male,3,Drawing,"Coloring Book, Sketch Book, Color Pencils, Marker Set, Art Apron",,,
Male,3,Music,"Rattle Drum Set, Headphones, Music Book, Tambourine, Bluetooth Speaker",,,
Male,3,Toys,"Plush Animal Set, Building Blocks, Toy Car, Action Figure, Teddy Bear",,,
Male,4,Art,"Clay Modeling Set, Paint Set, Canvas Pad, Brush Kit, Craft Box",,,
Male,4,Fashion,"Cartoon Hoodies, Wallet, Watch, Sunglasses, Backpack",,,
Male,4,Drawing,"Washable Markers Set, Sketch Book, Color Pencils, Marker Set, Art Apron",,,
Male,4,Music,"Toy Keyboard, Headphones, Music Book, Tambourine, Bluetooth Speaker",,,
Male,4,Reading,"Story Books, Bookmark Set, Novel, Book Light, Book Cover",,,
Male,4,Sports,"Bicycle, Sports Bottle, Sports Bag, Cap, Training Cones",,,
Male,4,Toys,"Remote Control Car, Plush Animal Set, Building Blocks, Toy Car, Action Figure",,,
Male,5,Art,"DIY Craft Kit, Paint Set, Canvas Pad, Brush Kit, Craft Box",,,
Male,5,Fashion,"Kids Watches, Wallet, Watch, Sunglasses, Backpack",,,
Male,5,Drawing,"Coloring Set, Sketch Book, Color Pencils, Marker Set, Art Apron",,,
Male,5,Music,"Kids Karaoke Mic, Headphones, Music Book, Tambourine, Bluetooth Speaker",,,
Male,5,Reading,"Comic Book, Bookmark Set, Novel, Book Light, Book Cover",,,
Male,5,Sports,"Cricket Bat, Sports Bottle, Sports Bag, Cap, Training Cones",,,
Male,5,Toys,"Lego Set, Puzzle, Building Blocks, Toy Car, Plush Toy",,,
Male,6,Art,"Clay Modeling Set, Paint Set, Canvas Pad, Brush Kit, Craft Box",,,
Male,6,Fashion,"Sunglasses, Wallet, Watch, Backpack, Perfume",,,
Male,6,Drawing,"Crayons and Sketchpad, Sketch Book, Color Pencils, Marker Set, Art Apron",,,
Male,6,Music,"Toy Keyboard, Headphones, Music Book, Tambourine, Bluetooth Speaker",,,
Male,6,Reading,"Illustrated Encyclopedia, Bookmark Set, Novel, Book Light, Book Cover",,,
Male,6,Sports,"Football, Sports Bottle, Sports Bag, Cap, Training Cones",,,
Male,6,Toys,"Action Figure, Puzzle, Building Blocks, Toy Car, Plush Toy",,,
Male,7,Art,"DIY Craft Kit, Paint Set, Canvas Pad, Brush Kit, Craft Box",,,
Male,7,Drawing,"Washable Markers Set, Sketch Book, Color Pencils, Marker Set, Art Apron",,,
Male,7,Fashion,"Sports T-Shirts, Wallet, Watch, Sunglasses, Backpack",,,
Male,7,Music,"Kids Karaoke Mic, Headphones, Music Book, Tambourine, Bluetooth Speaker",,,
Male,7,Reading,"Story Books, Bookmark Set, Novel, Book Light, Book Cover",,,
Male,7,Sports,"Skateboard, Sports Bottle, Sports Bag, Cap, Training Cones",,,
Male,7,Toys,"Board Game, Puzzle, Building Blocks, Toy Car, Plush Toy",,,
Male,8,Art,"Clay Modeling Set, Paint Set, Canvas Pad, Brush Kit, Craft Box",,,
Male,8,Fashion,"Caps, Wallet, Watch, Sunglasses, Backpack",,,
Male,8,Drawing,"Coloring Set, Sketch Book, Color Pencils, Marker Set, Art Apron",,,
Male,8,Music,"Toy Keyboard, Headphones, Music Book, Tambourine, Bluetooth Speaker",,,
Male,8,Reading,"Comic Book, Bookmark Set, Novel, Book Light, Book Cover",,,
Male,8,Sports,"Bicycle, Sports Bottle, Sports Bag, Cap, Training Cones",,,
Male,8,Toys,"Remote Control Car, Puzzle, Building Blocks, Toy Car, Plush Toy",,,
Male,9,Art,"DIY Craft Kit, Paint Set, Canvas Pad, Brush Kit, Craft Box",,,
Male,9,Drawing,"Crayons and Sketchpad, Sketch Book, Color Pencils, Marker Set, Art Apron",,,
Male,9,Music,"Kids Karaoke Mic, Headphones, Music Book, Tambourine, Bluetooth Speaker",,,
Male,9,Fashion,"Sneakers, Wallet, Watch, Sunglasses, Backpack",,,
Male,9,Reading,"Illustrated Encyclopedia, Bookmark Set, Novel, Book Light, Book Cover",,,
Male,9,Sports,"Cricket Bat, Sports Bottle, Sports Bag, Cap, Training Cones",,,
Male,9,Toys,"Lego Set, Puzzle, Building Blocks, Toy Car, Plush Toy",,,
Male,10,Art,"Clay Modeling Set, Paint Set, Canvas Pad, Brush Kit, Craft Box",,,
Male,10,Drawing,"Washable Markers Set, Sketch Book, Color Pencils, Marker Set, Art Apron",,,
Male,10,Music,"Toy Keyboard, Headphones, Music Book, Tambourine, Bluetooth Speaker",,,
Male,10,Reading,"Story Books, Bookmark Set, Novel, Book Light, Book Cover",,,
Male,10,Fashion,"Sports Shoes, Wallet, Watch, Sunglasses, Backpack",,,
Male,10,Sports,"Football, Sports Bottle, Sports Bag, Cap, Training Cones",,,
Male,10,Toys,"Action Figure, Puzzle, Building Blocks, Toy Car, Plush Toy",,,
Male,11,Art,"DIY Craft Kit, Paint Set, Canvas Pad, Brush Kit, Craft Box",,,
Male,11,Drawing,"Coloring Set, Sketch Book, Color Pencils, Marker Set, Art Apron",,,
Male,11,Fashion,"Trendy T-Shirts, Wallet, Watch, Sunglasses, Backpack",,,
Male,11,Music,"Kids Karaoke Mic, Headphones, Music Book, Tambourine, Bluetooth Speaker",,,
Male,11,Reading,"Comic Book, Bookmark Set, Novel, Book Light, Book Cover",,,
Male,11,Sports,"Skateboard, Sports Bottle, Sports Bag, Cap, Training Cones",,,
Male,11,Toys,"Board Game, Puzzle, Building Blocks, Toy Car, Plush Toy",,,
Male,12,Art,"Clay Modeling Set, Paint Set, Canvas Pad, Brush Kit, Craft Box",,,
Male,12,Drawing,"Crayons and Sketchpad, Sketch Book, Color Pencils, Marker Set, Art Apron",,,
Male,12,Fashion,"Jackets, Wallet, Watch, Sunglasses, Backpack",,,
Male,12,Music,"Toy Keyboard, Headphones, Music Book, Tambourine, Bluetooth Speaker",,,
Male,12,Reading,"Illustrated Encyclopedia, Bookmark Set, Novel, Book Light, Book Cover",,,
Male,12,Sports,"Bicycle, Sports Bottle, Sports Bag, Cap, Training Cones",,,
Male,12,Toys,"Remote Control Car, Puzzle, Building Blocks, Toy Car, Plush Toy",,"Cricket kit ,","Basket ball , Foot ball"
Male,13,Fashion,"Stylish Backpack, Wallet, Watch, Sunglasses, Backpack",,,
Male,13,Gaming,"Gaming Mouse, Mouse Pad, Gaming Mug, LED Lamp, Gaming Poster",,,
Male,13,Music,"Wireless Earbuds, Headphones, Music Book, Tambourine, Bluetooth Speaker",,,
Male,13,Reading,"Fantasy Novel Series, Bookmark Set, Novel, Book Light, Book Cover",,,
Male,13,Sports,"Sports Jersey, Sports Bottle, Sports Bag, Cap, Training Cones",,,
Male,13,Technology,"Phone Camera Lens Kit, USB Drive, Phone Stand, Power Bank, Cable Organizer",,,
Male,14,Fashion,"Trendy Sneakers Voucher, Wallet, Watch, Sunglasses, Backpack",,,
Male,14,Gaming,"RGB Mechanical Keyboard, Mouse Pad, Gaming Mug, LED Lamp, Gaming Poster",,,
Male,14,Music,"Bluetooth Speaker, Headphones, Music Book, Tambourine, Microphone",,,
Male,14,Reading,"Manga Box Set, Bookmark Set, Novel, Book Light, Book Cover",,,
Male,14,Sports,"Basketball, Sports Bottle, Sports Bag, Cap, Training Cones",,,
Male,14,Technology,"Mini Drone, USB Drive, Phone Stand, Power Bank, Cable Organizer",,,
Male,15,Fashion,"Graphic Hoodie, Wallet, Watch, Sunglasses, Backpack",,,
Male,15,Gaming,"Console Controller, Mouse Pad, Gaming Mug, LED Lamp, Gaming Poster",,,
Male,15,Music,"Ukulele, Headphones, Music Book, Tambourine, Bluetooth Speaker",,,
Male,15,Reading,"Fantasy Novel Series, Bookmark Set, Novel, Book Light, Book Cover",,,
Male,15,Sports,"Premium Cricket Bat, Sports Bottle, Sports Bag, Cap, Training Cones",,,
Male,15,Technology,"Smart Watch, USB Drive, Phone Stand, Power Bank, Cable Organizer",,,
Male,16,Fashion,"Stylish Backpack, Wallet, Watch, Sunglasses, Backpack",,,
Male,16,Gaming,"Gaming Headset, Mouse Pad, Gaming Mug, LED Lamp, Gaming Poster",,,
Male,16,Music,"Wireless Earbuds, Headphones, Music Book, Tambourine, Bluetooth Speaker",,,
Male,16,Reading,"Manga Box Set, Bookmark Set, Novel, Book Light, Book Cover",,,
Male,16,Sports,"Sports Jersey, Sports Bottle, Sports Bag, Cap, Training Cones",,,
Male,16,Technology,"Phone Camera Lens Kit, USB Drive, Phone Stand, Power Bank, Cable Organizer",,,
Male,17,Fashion,"Trendy Sneakers Voucher, Wallet, Watch, Sunglasses, Backpack",,,
Male,17,Gaming,"Gaming Mouse, Mouse Pad, Gaming Mug, LED Lamp, Gaming Poster",,,
Male,17,Music,"Bluetooth Speaker, Headphones, Music Book, Tambourine, Microphone",,,
Male,17,Reading,"Fantasy Novel Series, Bookmark Set, Novel, Book Light, Book Cover",,,
Male,17,Sports,"Basketball, Sports Bottle, Sports Bag, Cap, Training Cones",,,
Male,17,Technology,"Mini Drone, USB Drive, Phone Stand, Power Bank, Cable Organizer",,,
Male,18,Fashion,"Graphic Hoodie, Wallet, Watch, Sunglasses, Backpack",,,
Male,18,Gaming,"RGB Mechanical Keyboard, Mouse Pad, Gaming Mug, LED Lamp, Gaming Poster",,,
Male,18,Music,"Ukulele, Headphones, Music Book, Tambourine, Bluetooth Speaker",,,
Male,18,Reading,"Manga Box Set, Bookmark Set, Novel, Book Light, Book Cover",,,
Male,18,Sports,"Premium Cricket Bat, Sports Bottle, Sports Bag, Cap, Training Cones",,,
Male,18,Technology,"Smart Watch, USB Drive, Phone Stand, Power Bank, Cable Organizer",,,
Male,19,Fashion,"Stylish Backpack, Wallet, Watch, Sunglasses, Backpack",,,
Male,19,Gaming,"Console Controller, Mouse Pad, Gaming Mug, LED Lamp, Gaming Poster",,,
Male,19,Music,"Wireless Earbuds, Headphones, Music Book, Tambourine, Bluetooth Speaker",,,
Male,19,Reading,"Fantasy Novel Series, Bookmark Set, Novel, Book Light, Book Cover",,,
Male,19,Sports,"Sports Jersey, Sports Bottle, Sports Bag, Cap, Training Cones",,,
Male,19,Technology,"Phone Camera Lens Kit, USB Drive, Phone Stand, Power Bank, Cable Organizer",,,
Male,20,Art,"Professional Sketch Set, Paint Set, Canvas Pad, Brush Kit, Craft Box",,,
Male,20,Cooking,"Air Fryer, Recipe Book, Apron, Spice Set, Kitchen Towels",,,
Male,20,Fashion,"Handbag, Wallet, Watch, Sunglasses, Backpack",,,
Male,20,Fitness,"Resistance Bands Set, Resistance Band, Gym Bottle, Yoga Mat, Towel",,,
Male,20,Gaming,"Gaming Monitor Upgrade, Mouse Pad, Gaming Mug, LED Lamp, Gaming Poster",,,
Male,20,Music,"Vinyl Record Player, Headphones, Music Book, Tambourine, Bluetooth Speaker",,,
Male,20,Photography,"Instant Film Camera, Photo Album, Tripod, Lens Cloth, Camera Strap",,,
Male,20,Sports,"Fitness Tracker, Sports Bottle, Sports Bag, Cap, Training Cones",,,
Male,20,Technology,"Portable SSD Storage, USB Drive, Phone Stand, Power Bank, Cable Organizer",,,
Male,20,Travel,"Passport Holder Set, Travel Pouch, Luggage Tag, Neck Pillow, Water Bottle",,,
Male,21,Art,"Digital Drawing Tablet, Paint Set, Canvas Pad, Brush Kit, Craft Box",,,
Male,21,Cooking,"Gourmet Spice Rack, Recipe Book, Apron, Spice Set, Kitchen Towels",,,
Male,21,Fashion,"Jewelry Set, Wallet, Watch, Sunglasses, Backpack",,,
Male,21,Fitness,"Deep Tissue Massage Gun, Resistance Band, Gym Bottle, Yoga Mat, Towel",,,
Male,21,Gaming,"Pro Gaming Mouse, Mouse Pad, Gaming Mug, LED Lamp, Gaming Poster",,,
Male,21,Music,"Portable Bluetooth Speaker, Headphones, Music Book, Tambourine, Bluetooth Speaker",,,
Male,21,Photography,"Smartphone Gimbal, Photo Album, Tripod, Lens Cloth, Camera Strap",,,
Male,21,Sports,"Premium Gym Bag, Sports Bottle, Sports Bag, Cap, Training Cones",,,
Male,21,Technology,"Smart Watch, USB Drive, Phone Stand, Power Bank, Cable Organizer",,,
Male,21,Travel,"Travel Backpack, Travel Pouch, Luggage Tag, Neck Pillow, Water Bottle",,,
Male,22,Art,"Professional Sketch Set, Paint Set, Canvas Pad, Brush Kit, Craft Box",,,
Male,22,Cooking,"Chef Knife Set, Recipe Book, Apron, Spice Set, Kitchen Towels",,,
Male,22,Fashion,"Designer Wallet, Wallet, Watch, Sunglasses, Backpack",,,
Male,22,Fitness,"Fitness Band, Resistance Band, Gym Bottle, Yoga Mat, Towel",,,
Male,22,Gaming,"Mechanical Keyboard, Mouse Pad, Gaming Mug, LED Lamp, Gaming Poster",,,
Male,22,Music,"Noise Canceling Headphones, Headphones, Music Book, Tambourine, Bluetooth Speaker",,,
Male,22,Photography,"Camera Tripod, Photo Album, Tripod, Lens Cloth, Camera Strap",,,
Male,22,Sports,"Running Shoes Voucher, Sports Bottle, Sports Bag, Cap, Training Cones",,,
Male,22,Technology,"Wireless Earbuds, USB Drive, Phone Stand, Power Bank, Cable Organizer",,,
Male,22,Travel,"Scratch-off World Map, Travel Pouch, Luggage Tag, Neck Pillow, Water Bottle",,,
Male,23,Art,"Digital Drawing Tablet, Paint Set, Canvas Pad, Brush Kit, Craft Box",,,
Male,23,Cooking,"Air Fryer, Recipe Book, Apron, Spice Set, Kitchen Towels",,,
Male,23,Fashion,"Luxury Sunglasses, Wallet, Watch, Sunglasses, Backpack",,,
Male,23,Fitness,"Resistance Bands Set, Resistance Band, Gym Bottle, Yoga Mat, Towel",,,
Male,23,Gaming,"Gaming Monitor Upgrade, Mouse Pad, Gaming Mug, LED Lamp, Gaming Poster",,,
Male,23,Music,"Vinyl Record Player, Headphones, Music Book, Tambourine, Bluetooth Speaker",,,
Male,23,Photography,"Instant Film Camera, Photo Album, Tripod, Lens Cloth, Camera Strap",,,
Male,23,Sports,"Fitness Tracker, Sports Bottle, Sports Bag, Cap, Training Cones",,,
Male,23,Technology,"Mechanical Keyboard, USB Drive, Phone Stand, Power Bank, Cable Organizer",,,
Male,23,Travel,"Passport Holder Set, Travel Pouch, Luggage Tag, Neck Pillow, Water Bottle",,,
Male,24,Art,"Professional Sketch Set, Paint Set, Canvas Pad, Brush Kit, Craft Box",,,
Male,24,Cooking,"Gourmet Spice Rack, Recipe Book, Apron, Spice Set, Kitchen Towels",,,
Male,24,Fashion,"Handbag, Wallet, Watch, Sunglasses, Backpack",,,
Male,24,Fitness,"Deep Tissue Massage Gun, Resistance Band, Gym Bottle, Yoga Mat, Towel",,,
Male,24,Gaming,"Pro Gaming Mouse, Mouse Pad, Gaming Mug, LED Lamp, Gaming Poster",,,
Male,24,Music,"Portable Bluetooth Speaker, Headphones, Music Book, Tambourine, Bluetooth Speaker",,,
Male,24,Photography,"Smartphone Gimbal, Photo Album, Tripod, Lens Cloth, Camera Strap",,,
Male,24,Sports,"Premium Gym Bag, Sports Bottle, Sports Bag, Cap, Training Cones",,,
Male,24,Technology,"Portable SSD Storage, USB Drive, Phone Stand, Power Bank, Cable Organizer",,,
Male,24,Travel,"Travel Backpack, Travel Pouch, Luggage Tag, Neck Pillow, Water Bottle",,,
Male,25,Art,"Digital Drawing Tablet, Paint Set, Canvas Pad, Brush Kit, Craft Box",,,
Male,25,Cooking,"Chef Knife Set, Recipe Book, Apron, Spice Set, Kitchen Towels",,,
Male,25,Fashion,"Jewelry Set, Wallet, Watch, Sunglasses, Backpack",,,
Male,25,Fitness,"Fitness Band, Resistance Band, Gym Bottle, Yoga Mat, Towel",,,
Male,25,Gaming,"Mechanical Keyboard, Mouse Pad, Gaming Mug, LED Lamp, Gaming Poster",,,
Male,25,Music,"Noise Canceling Headphones, Headphones, Music Book, Tambourine, Bluetooth Speaker",,,
Male,25,Photography,"Camera Tripod, Photo Album, Tripod, Lens Cloth, Camera Strap",,,
Male,25,Sports,"Running Shoes Voucher, Sports Bottle, Sports Bag, Cap, Training Cones",,,
Male,25,Technology,"Smart Watch, USB Drive, Phone Stand, Power Bank, Cable Organizer",,,
Male,25,Travel,"Scratch-off World Map, Travel Pouch, Luggage Tag, Neck Pillow, Water Bottle",,,
Male,26,Art,"Professional Sketch Set, Paint Set, Canvas Pad, Brush Kit, Craft Box",,,
Male,26,Cooking,"Air Fryer, Recipe Book, Apron, Spice Set, Kitchen Towels",,,
Male,26,Fashion,"Designer Wallet, Wallet, Watch, Sunglasses, Backpack",,,
Male,26,Fitness,"Resistance Bands Set, Resistance Band, Gym Bottle, Yoga Mat, Towel",,,
Male,26,Gaming,"Gaming Monitor Upgrade, Mouse Pad, Gaming Mug, LED Lamp, Gaming Poster",,,
Male,26,Music,"Vinyl Record Player, Headphones, Music Book, Tambourine, Bluetooth Speaker",,,
Male,26,Photography,"Instant Film Camera, Photo Album, Tripod, Lens Cloth, Camera Strap",,,
Male,26,Sports,"Fitness Tracker, Sports Bottle, Sports Bag, Cap, Training Cones",,,
Male,26,Technology,"Wireless Earbuds, USB Drive, Phone Stand, Power Bank, Cable Organizer",,,
Male,26,Travel,"Passport Holder Set, Travel Pouch, Luggage Tag, Neck Pillow, Water Bottle",,,
Male,27,Art,"Digital Drawing Tablet, Paint Set, Canvas Pad, Brush Kit, Craft Box",,,
Male,27,Cooking,"Gourmet Spice Rack, Recipe Book, Apron, Spice Set, Kitchen Towels",,,
Male,27,Fashion,"Luxury Sunglasses, Wallet, Watch, Sunglasses, Backpack",,,
Male,27,Fitness,"Deep Tissue Massage Gun, Resistance Band, Gym Bottle, Yoga Mat, Towel",,,
Male,27,Gaming,"Pro Gaming Mouse, Mouse Pad, Gaming Mug, LED Lamp, Gaming Poster",,,
Male,27,Music,"Portable Bluetooth Speaker, Headphones, Music Book, Tambourine, Bluetooth Speaker",,,
Male,27,Photography,"Smartphone Gimbal, Photo Album, Tripod, Lens Cloth, Camera Strap",,,
Male,27,Sports,"Premium Gym Bag, Sports Bottle, Sports Bag, Cap, Training Cones",,,
Male,27,Technology,"Mechanical Keyboard, USB Drive, Phone Stand, Power Bank, Cable Organizer",,,
Male,27,Travel,"Travel Backpack, Travel Pouch, Luggage Tag, Neck Pillow, Water Bottle",,,
Male,28,Art,"Professional Sketch Set, Paint Set, Canvas Pad, Brush Kit, Craft Box",,,
Male,28,Cooking,"Chef Knife Set, Recipe Book, Apron, Spice Set, Kitchen Towels",,,
Male,28,Fashion,"Handbag, Wallet, Watch, Sunglasses, Backpack",,,
Male,28,Fitness,"Fitness Band, Resistance Band, Gym Bottle, Yoga Mat, Towel",,,
Male,28,Gaming,"Mechanical Keyboard, Mouse Pad, Gaming Mug, LED Lamp, Gaming Poster",,,
Male,28,Music,"Noise Canceling Headphones, Headphones, Music Book, Tambourine, Bluetooth Speaker",,,
Male,28,Photography,"Camera Tripod, Photo Album, Tripod, Lens Cloth, Camera Strap",,,
Male,28,Sports,"Running Shoes Voucher, Sports Bottle, Sports Bag, Cap, Training Cones",,,
Male,28,Technology,"Portable SSD Storage, USB Drive, Phone Stand, Power Bank, Cable Organizer",,,
Male,28,Travel,"Scratch-off World Map, Travel Pouch, Luggage Tag, Neck Pillow, Water Bottle",,,
Male,29,Art,"Digital Drawing Tablet, Paint Set, Canvas Pad, Brush Kit, Craft Box",,,
Male,29,Cooking,"Air Fryer, Recipe Book, Apron, Spice Set, Kitchen Towels",,,
Male,29,Fashion,"Jewelry Set, Wallet, Watch, Sunglasses, Backpack",,,
Male,29,Fitness,"Resistance Bands Set, Resistance Band, Gym Bottle, Yoga Mat, Towel",,,
Male,29,Gaming,"Gaming Monitor Upgrade, Mouse Pad, Gaming Mug, LED Lamp, Gaming Poster",,,
Male,29,Music,"Vinyl Record Player, Headphones, Music Book, Tambourine, Bluetooth Speaker",,,
Male,29,Photography,"Instant Film Camera, Photo Album, Tripod, Lens Cloth, Camera Strap",,,
Male,29,Sports,"Fitness Tracker, Sports Bottle, Sports Bag, Cap, Training Cones",,,
Male,29,Technology,"Smart Watch, USB Drive, Phone Stand, Power Bank, Cable Organizer",,,
Male,29,Travel,"Passport Holder Set, Travel Pouch, Luggage Tag, Neck Pillow, Water Bottle",,,
Male,30,Art,"Professional Sketch Set, Paint Set, Canvas Pad, Brush Kit, Craft Box",,,
Male,30,Cooking,"Gourmet Spice Rack, Recipe Book, Apron, Spice Set, Kitchen Towels",,,
Male,30,Fashion,"Designer Wallet, Wallet, Watch, Sunglasses, Backpack",,,
Male,30,Fitness,"Deep Tissue Massage Gun, Resistance Band, Gym Bottle, Yoga Mat, Towel",,,
Male,30,Gaming,"Pro Gaming Mouse, Mouse Pad, Gaming Mug, LED Lamp, Gaming Poster",,,
Male,30,Music,"Portable Bluetooth Speaker, Headphones, Music Book, Tambourine, Bluetooth Speaker",,,
Male,30,Photography,"Smartphone Gimbal, Photo Album, Tripod, Lens Cloth, Camera Strap",,,
Male,30,Sports,"Premium Gym Bag, Sports Bottle, Sports Bag, Cap, Training Cones",,,
Male,30,Technology,"Wireless Earbuds, USB Drive, Phone Stand, Power Bank, Cable Organizer",,,
Male,30,Travel,"Travel Backpack, Travel Pouch, Luggage Tag, Neck Pillow, Water Bottle",,,
Male,31,Art,"Digital Drawing Tablet, Paint Set, Canvas Pad, Brush Kit, Craft Box",,,
Male,31,Cooking,"Chef Knife Set, Recipe Book, Apron, Spice Set, Kitchen Towels",,,
Male,31,Fashion,"Luxury Sunglasses, Wallet, Watch, Sunglasses, Backpack",,,
Male,31,Fitness,"Fitness Band, Resistance Band, Gym Bottle, Yoga Mat, Towel",,,
Male,31,Gaming,"Mechanical Keyboard, Mouse Pad, Gaming Mug, LED Lamp, Gaming Poster",,,
Male,31,Music,"Noise Canceling Headphones, Headphones, Music Book, Tambourine, Bluetooth Speaker",,,
Male,31,Photography,"Camera Tripod, Photo Album, Tripod, Lens Cloth, Camera Strap",,,
Male,31,Sports,"Running Shoes Voucher, Sports Bottle, Sports Bag, Cap, Training Cones",,,
Male,31,Technology,"Mechanical Keyboard, USB Drive, Phone Stand, Power Bank, Cable Organizer",,,
Male,31,Travel,"Scratch-off World Map, Travel Pouch, Luggage Tag, Neck Pillow, Water Bottle",,,
Male,32,Art,"Professional Sketch Set, Paint Set, Canvas Pad, Brush Kit, Craft Box",,,
Male,32,Cooking,"Air Fryer, Recipe Book, Apron, Spice Set, Kitchen Towels",,,
Male,32,Fashion,"Handbag, Wallet, Watch, Sunglasses, Backpack",,,
Male,32,Fitness,"Resistance Bands Set, Resistance Band, Gym Bottle, Yoga Mat, Towel",,,
Male,32,Gaming,"Gaming Monitor Upgrade, Mouse Pad, Gaming Mug, LED Lamp, Gaming Poster",,,
Male,32,Music,"Vinyl Record Player, Headphones, Music Book, Tambourine, Bluetooth Speaker",,,
Male,32,Photography,"Instant Film Camera, Photo Album, Tripod, Lens Cloth, Camera Strap",,,
Male,32,Sports,"Fitness Tracker, Sports Bottle, Sports Bag, Cap, Training Cones",,,
Male,32,Technology,"Portable SSD Storage, USB Drive, Phone Stand, Power Bank, Cable Organizer",,,
Male,32,Travel,"Passport Holder Set, Travel Pouch, Luggage Tag, Neck Pillow, Water Bottle",,,
Male,33,Art,"Digital Drawing Tablet, Paint Set, Canvas Pad, Brush Kit, Craft Box",,,
Male,33,Cooking,"Gourmet Spice Rack, Recipe Book, Apron, Spice Set, Kitchen Towels",,,
Male,33,Fashion,"Jewelry Set, Wallet, Watch, Sunglasses, Backpack",,,
Male,33,Fitness,"Deep Tissue Massage Gun, Resistance Band, Gym Bottle, Yoga Mat, Towel",,,
Male,33,Gaming,"Pro Gaming Mouse, Mouse Pad, Gaming Mug, LED Lamp, Gaming Poster",,,
Male,33,Music,"Portable Bluetooth Speaker, Headphones, Music Book, Tambourine, Bluetooth Speaker",,,
Male,33,Photography,"Smartphone Gimbal, Photo Album, Tripod, Lens Cloth, Camera Strap",,,
Male,33,Sports,"Premium Gym Bag, Sports Bottle, Sports Bag, Cap, Training Cones",,,
Male,33,Technology,"Smart Watch, USB Drive, Phone Stand, Power Bank, Cable Organizer",,,
Male,33,Travel,"Travel Backpack, Travel Pouch, Luggage Tag, Neck Pillow, Water Bottle",,,
Male,34,Art,"Professional Sketch Set, Paint Set, Canvas Pad, Brush Kit, Craft Box",,,
Male,34,Cooking,"Chef Knife Set, Recipe Book, Apron, Spice Set, Kitchen Towels",,,
Male,34,Fashion,"Designer Wallet, Wallet, Watch, Sunglasses, Backpack",,,
Male,34,Fitness,"Fitness Band, Resistance Band, Gym Bottle, Yoga Mat, Towel",,,
Male,34,Gaming,"Mechanical Keyboard, Mouse Pad, Gaming Mug, LED Lamp, Gaming Poster",,,
Male,34,Music,"Noise Canceling Headphones, Headphones, Music Book, Tambourine, Bluetooth Speaker",,,
Male,34,Photography,"Camera Tripod, Photo Album, Tripod, Lens Cloth, Camera Strap",,,
Male,34,Sports,"Running Shoes Voucher, Sports Bottle, Sports Bag, Cap, Training Cones",,,
Male,34,Technology,"Wireless Earbuds, USB Drive, Phone Stand, Power Bank, Cable Organizer",,,
Male,34,Travel,"Scratch-off World Map, Travel Pouch, Luggage Tag, Neck Pillow, Water Bottle",,,
Male,35,Art,"Digital Drawing Tablet, Paint Set, Canvas Pad, Brush Kit, Craft Box",,,
Male,35,Cooking,"Air Fryer, Recipe Book, Apron, Spice Set, Kitchen Towels",,,
Male,35,Fashion,"Luxury Sunglasses, Wallet, Watch, Sunglasses, Backpack",,,
Male,35,Fitness,"Resistance Bands Set, Resistance Band, Gym Bottle, Yoga Mat, Towel",,,
Male,35,Gaming,"Gaming Monitor Upgrade, Mouse Pad, Gaming Mug, LED Lamp, Gaming Poster",,,
Male,35,Music,"Vinyl Record Player, Headphones, Music Book, Tambourine, Bluetooth Speaker",,,
Male,35,Photography,"Instant Film Camera, Photo Album, Tripod, Lens Cloth, Camera Strap",,,
Male,35,Sports,"Fitness Tracker, Sports Bottle, Sports Bag, Cap, Training Cones",,,
Male,35,Technology,"Mechanical Keyboard, USB Drive, Phone Stand, Power Bank, Cable Organizer",,,
Male,35,Travel,"Passport Holder Set, Travel Pouch, Luggage Tag, Neck Pillow, Water Bottle",,,
Male,36,Cooking,"Cast Iron Skillet, Recipe Book, Apron, Spice Set, Kitchen Towels",,,
Male,36,Fashion,"Leather Briefcase, Wallet, Watch, Sunglasses, Backpack",,,
Male,36,Fitness,"Smart Fitness Band, Resistance Band, Gym Bottle, Yoga Mat, Towel",,,
Male,36,Gardening,"Smart Indoor Herb Garden, Plant Pot, Garden Gloves, Watering Can, Seed Kit",,,
Male,36,Photography,"Camera Tripod, Photo Album, Tripod, Lens Cloth, Camera Strap",,,
Male,36,Reading,"Book Collection, Bookmark Set, Novel, Book Light, Book Cover",,,
Male,36,Technology,"Wireless Charging Station, USB Drive, Phone Stand, Power Bank, Cable Organizer",,,
Male,36,Travel,"Noise Canceling Headphones, Travel Pouch, Luggage Tag, Neck Pillow, Water Bottle",,,
Male,37,Cooking,"Air Fryer, Recipe Book, Apron, Spice Set, Kitchen Towels",,,
Male,37,Fashion,"Premium Handbag, Wallet, Watch, Sunglasses, Backpack",,,
Male,37,Fitness,"Yoga Mat & Roller Set, Resistance Band, Gym Bottle, Yoga Mat, Towel",,,
Male,37,Gardening,"Ergonomic Gardening Tools, Plant Pot, Garden Gloves, Watering Can, Seed Kit",,,
Male,37,Photography,"Professional Camera Bag, Photo Album, Tripod, Lens Cloth, Camera Strap",,,
Male,37,Reading,"Kindle Paperwhite, Bookmark Set, Novel, Book Light, Book Cover",,,
Male,37,Technology,"Tablet Device, USB Drive, Phone Stand, Power Bank, Cable Organizer",,,
Male,37,Travel,"Travel Neck Pillow Kit, Travel Pouch, Luggage Tag, Neck Pillow, Water Bottle",,,
Male,38,Cooking,"Espresso Machine, Recipe Book, Apron, Spice Set, Kitchen Towels",,,
Male,38,Fashion,"Elegant Jewelry Set, Wallet, Watch, Sunglasses, Backpack",,,
Male,38,Fitness,"Adjustable Dumbbells, Resistance Band, Gym Bottle, Yoga Mat, Towel",,,
Male,38,Gardening,"Gardening Kit, Plant Pot, Garden Gloves, Watering Can, Seed Kit",,,
Male,38,Photography,"Lens Cleaning Kit, Photo Album, Tripod, Lens Cloth, Camera Strap",,,
Male,38,Reading,"Leather-bound Classic Book, Bookmark Set, Novel, Book Light, Book Cover",,,
Male,38,Technology,"Smart Home Assistant, USB Drive, Phone Stand, Power Bank, Cable Organizer",,,
Male,38,Travel,"Hardshell Travel Luggage, Travel Pouch, Luggage Tag, Neck Pillow, Water Bottle",,,
Male,39,Cooking,"Cast Iron Skillet, Recipe Book, Apron, Spice Set, Kitchen Towels",,,
Male,39,Fashion,"Leather Briefcase, Wallet, Watch, Sunglasses, Backpack",,,
Male,39,Fitness,"Smart Fitness Band, Resistance Band, Gym Bottle, Yoga Mat, Towel",,,
Male,39,Gardening,"Smart Indoor Herb Garden, Plant Pot, Garden Gloves, Watering Can, Seed Kit",,,
Male,39,Photography,"Camera Tripod, Photo Album, Tripod, Lens Cloth, Camera Strap",,,
Male,39,Reading,"Book Collection, Bookmark Set, Novel, Book Light, Book Cover",,,
Male,39,Technology,"Wireless Charging Station, USB Drive, Phone Stand, Power Bank, Cable Organizer",,,
Male,39,Travel,"Noise Canceling Headphones, Travel Pouch, Luggage Tag, Neck Pillow, Water Bottle",,,
Male,40,Cooking,"Air Fryer, Recipe Book, Apron, Spice Set, Kitchen Towels",,,
Male,40,Fashion,"Premium Handbag, Wallet, Watch, Sunglasses, Backpack",,,
Male,40,Fitness,"Yoga Mat & Roller Set, Resistance Band, Gym Bottle, Yoga Mat, Towel",,,
Male,40,Gardening,"Ergonomic Gardening Tools, Plant Pot, Garden Gloves, Watering Can, Seed Kit",,,
Male,40,Photography,"Professional Camera Bag, Photo Album, Tripod, Lens Cloth, Camera Strap",,,
Male,40,Reading,"Kindle Paperwhite, Bookmark Set, Novel, Book Light, Book Cover",,,
Male,40,Technology,"Tablet Device, USB Drive, Phone Stand, Power Bank, Cable Organizer",,,
Male,40,Travel,"Travel Neck Pillow Kit, Travel Pouch, Luggage Tag, Neck Pillow, Water Bottle",,,
Male,41,Cooking,"Espresso Machine, Recipe Book, Apron, Spice Set, Kitchen Towels",,,
Male,41,Fashion,"Elegant Jewelry Set, Wallet, Watch, Sunglasses, Backpack",,,
Male,41,Fitness,"Adjustable Dumbbells, Resistance Band, Gym Bottle, Yoga Mat, Towel",,,
Male,41,Gardening,"Gardening Kit, Plant Pot, Garden Gloves, Watering Can, Seed Kit",,,
Male,41,Photography,"Lens Cleaning Kit, Photo Album, Tripod, Lens Cloth, Camera Strap",,,
Male,41,Reading,"Leather-bound Classic Book, Bookmark Set, Novel, Book Light, Book Cover",,,
Male,41,Technology,"Smart Home Assistant, USB Drive, Phone Stand, Power Bank, Cable Organizer",,,
Male,41,Travel,"Hardshell Travel Luggage, Travel Pouch, Luggage Tag, Neck Pillow, Water Bottle",,,
Male,42,Cooking,"Cast Iron Skillet, Recipe Book, Apron, Spice Set, Kitchen Towels",,,
Male,42,Fashion,"Leather Briefcase, Wallet, Watch, Sunglasses, Backpack",,,
Male,42,Fitness,"Smart Fitness Band, Resistance Band, Gym Bottle, Yoga Mat, Towel",,,
Male,42,Gardening,"Smart Indoor Herb Garden, Plant Pot, Garden Gloves, Watering Can, Seed Kit",,,
Male,42,Photography,"Camera Tripod, Photo Album, Tripod, Lens Cloth, Camera Strap",,,
Male,42,Reading,"Book Collection, Bookmark Set, Novel, Book Light, Book Cover",,,
Male,42,Technology,"Wireless Charging Station, USB Drive, Phone Stand, Power Bank, Cable Organizer",,,
Male,42,Travel,"Noise Canceling Headphones, Travel Pouch, Luggage Tag, Neck Pillow, Water Bottle",,,
Male,43,Cooking,"Air Fryer, Recipe Book, Apron, Spice Set, Kitchen Towels",,,
Male,43,Fashion,"Premium Handbag, Wallet, Watch, Sunglasses, Backpack",,,
Male,43,Fitness,"Yoga Mat & Roller Set, Resistance Band, Gym Bottle, Yoga Mat, Towel",,,
Male,43,Gardening,"Ergonomic Gardening Tools, Plant Pot, Garden Gloves, Watering Can, Seed Kit",,,
Male,43,Photography,"Professional Camera Bag, Photo Album, Tripod, Lens Cloth, Camera Strap",,,
Male,43,Reading,"Kindle Paperwhite, Bookmark Set, Novel, Book Light, Book Cover",,,
Male,43,Technology,"Tablet Device, USB Drive, Phone Stand, Power Bank, Cable Organizer",,,
Male,43,Travel,"Travel Neck Pillow Kit, Travel Pouch, Luggage Tag, Neck Pillow, Water Bottle",,,
Male,44,Cooking,"Espresso Machine, Recipe Book, Apron, Spice Set, Kitchen Towels",,,
Male,44,Fashion,"Elegant Jewelry Set, Wallet, Watch, Sunglasses, Backpack",,,
Male,44,Fitness,"Adjustable Dumbbells, Resistance Band, Gym Bottle, Yoga Mat, Towel",,,
Male,44,Gardening,"Gardening Kit, Plant Pot, Garden Gloves, Watering Can, Seed Kit",,,
Male,44,Photography,"Lens Cleaning Kit, Photo Album, Tripod, Lens Cloth, Camera Strap",,,
Male,44,Reading,"Leather-bound Classic Book, Bookmark Set, Novel, Book Light, Book Cover",,,
Male,44,Technology,"Smart Home Assistant, USB Drive, Phone Stand, Power Bank, Cable Organizer",,,
Male,44,Travel,"Hardshell Travel Luggage, Travel Pouch, Luggage Tag, Neck Pillow, Water Bottle",,,
Male,45,Cooking,"Cast Iron Skillet, Recipe Book, Apron, Spice Set, Kitchen Towels",,,
Male,45,Fashion,"Leather Briefcase, Wallet, Watch, Sunglasses, Backpack",,,
Male,45,Fitness,"Smart Fitness Band, Resistance Band, Gym Bottle, Yoga Mat, Towel",,,
Male,45,Gardening,"Smart Indoor Herb Garden, Plant Pot, Garden Gloves, Watering Can, Seed Kit",,,
Male,45,Photography,"Camera Tripod, Photo Album, Tripod, Lens Cloth, Camera Strap",,,
Male,45,Reading,"Book Collection, Bookmark Set, Novel, Book Light, Book Cover",,,
Male,45,Technology,"Wireless Charging Station, USB Drive, Phone Stand, Power Bank, Cable Organizer",,,
Male,45,Travel,"Noise Canceling Headphones, Travel Pouch, Luggage Tag, Neck Pillow, Water Bottle",,,
Male,46,Cooking,"Air Fryer, Recipe Book, Apron, Spice Set, Kitchen Towels",,,
Male,46,Fashion,"Premium Handbag, Wallet, Watch, Sunglasses, Backpack",,,
Male,46,Fitness,"Yoga Mat & Roller Set, Resistance Band, Gym Bottle, Yoga Mat, Towel",,,
Male,46,Gardening,"Ergonomic Gardening Tools, Plant Pot, Garden Gloves, Watering Can, Seed Kit",,,
Male,46,Photography,"Professional Camera Bag, Photo Album, Tripod, Lens Cloth, Camera Strap",,,
Male,46,Reading,"Kindle Paperwhite, Bookmark Set, Novel, Book Light, Book Cover",,,
Male,46,Technology,"Tablet Device, USB Drive, Phone Stand, Power Bank, Cable Organizer",,,
Male,46,Travel,"Travel Neck Pillow Kit, Travel Pouch, Luggage Tag, Neck Pillow, Water Bottle",,,
Male,47,Cooking,"Espresso Machine, Recipe Book, Apron, Spice Set, Kitchen Towels",,,
Male,47,Fashion,"Elegant Jewelry Set, Wallet, Watch, Sunglasses, Backpack",,,
Male,47,Fitness,"Adjustable Dumbbells, Resistance Band, Gym Bottle, Yoga Mat, Towel",,,
Male,47,Gardening,"Gardening Kit, Plant Pot, Garden Gloves, Watering Can, Seed Kit",,,
Male,47,Photography,"Lens Cleaning Kit, Photo Album, Tripod, Lens Cloth, Camera Strap",,,
Male,47,Reading,"Leather-bound Classic Book, Bookmark Set, Novel, Book Light, Book Cover",,,
Male,47,Technology,"Smart Home Assistant, USB Drive, Phone Stand, Power Bank, Cable Organizer",,,
Male,47,Travel,"Hardshell Travel Luggage, Travel Pouch, Luggage Tag, Neck Pillow, Water Bottle",,,
Male,48,Cooking,"Cast Iron Skillet, Recipe Book, Apron, Spice Set, Kitchen Towels",,,
Male,48,Fashion,"Leather Briefcase, Wallet, Watch, Sunglasses, Backpack",,,
Male,48,Fitness,"Smart Fitness Band, Resistance Band, Gym Bottle, Yoga Mat, Towel",,,
Male,48,Gardening,"Smart Indoor Herb Garden, Plant Pot, Garden Gloves, Watering Can, Seed Kit",,,
Male,48,Photography,"Camera Tripod, Photo Album, Tripod, Lens Cloth, Camera Strap",,,
Male,48,Reading,"Book Collection, Bookmark Set, Novel, Book Light, Book Cover",,,
Male,48,Technology,"Wireless Charging Station, USB Drive, Phone Stand, Power Bank, Cable Organizer",,,
Male,48,Travel,"Noise Canceling Headphones, Travel Pouch, Luggage Tag, Neck Pillow, Water Bottle",,,
Male,49,Cooking,"Air Fryer, Recipe Book, Apron, Spice Set, Kitchen Towels",,,
Male,49,Fashion,"Premium Handbag, Wallet, Watch, Sunglasses, Backpack",,,
Male,49,Fitness,"Yoga Mat & Roller Set, Resistance Band, Gym Bottle, Yoga Mat, Towel",,,
Male,49,Gardening,"Ergonomic Gardening Tools, Plant Pot, Garden Gloves, Watering Can, Seed Kit",,,
Male,49,Photography,"Professional Camera Bag, Photo Album, Tripod, Lens Cloth, Camera Strap",,,
Male,49,Reading,"Kindle Paperwhite, Bookmark Set, Novel, Book Light, Book Cover",,,
Male,49,Technology,"Tablet Device, USB Drive, Phone Stand, Power Bank, Cable Organizer",,,
Male,49,Travel,"Travel Neck Pillow Kit, Travel Pouch, Luggage Tag, Neck Pillow, Water Bottle",,,
Male,50,Cooking,"Espresso Machine, Recipe Book, Apron, Spice Set, Kitchen Towels",,,
Male,50,Fashion,"Elegant Jewelry Set, Wallet, Watch, Sunglasses, Backpack",,,
Male,50,Fitness,"Adjustable Dumbbells, Resistance Band, Gym Bottle, Yoga Mat, Towel",,,
Male,50,Gardening,"Gardening Kit, Plant Pot, Garden Gloves, Watering Can, Seed Kit",,,
Male,50,Photography,"Lens Cleaning Kit, Photo Album, Tripod, Lens Cloth, Camera Strap",,,
Male,50,Reading,"Leather-bound Classic Book, Bookmark Set, Novel, Book Light, Book Cover",,,
Male,50,Technology,"Smart Home Assistant, USB Drive, Phone Stand, Power Bank, Cable Organizer",,,
Male,50,Travel,"Hardshell Travel Luggage, Travel Pouch, Luggage Tag, Neck Pillow, Water Bottle",,,
Male,51,Cooking,"Cast Iron Skillet, Recipe Book, Apron, Spice Set, Kitchen Towels",,,
Male,51,Fashion,"Leather Briefcase, Wallet, Watch, Sunglasses, Backpack",,,
Male,51,Fitness,"Smart Fitness Band, Resistance Band, Gym Bottle, Yoga Mat, Towel",,,
Male,51,Gardening,"Smart Indoor Herb Garden, Plant Pot, Garden Gloves, Watering Can, Seed Kit",,,
Male,51,Photography,"Camera Tripod, Photo Album, Tripod, Lens Cloth, Camera Strap",,,
Male,51,Reading,"Book Collection, Bookmark Set, Novel, Book Light, Book Cover",,,
Male,51,Technology,"Wireless Charging Station, USB Drive, Phone Stand, Power Bank, Cable Organizer",,,
Male,51,Travel,"Noise Canceling Headphones, Travel Pouch, Luggage Tag, Neck Pillow, Water Bottle",,,
Male,52,Cooking,"Air Fryer, Recipe Book, Apron, Spice Set, Kitchen Towels",,,
Male,52,Fashion,"Premium Handbag, Wallet, Watch, Sunglasses, Backpack",,,
Male,52,Fitness,"Yoga Mat & Roller Set, Resistance Band, Gym Bottle, Yoga Mat, Towel",,,
Male,52,Gardening,"Ergonomic Gardening Tools, Plant Pot, Garden Gloves, Watering Can, Seed Kit",,,
Male,52,Photography,"Professional Camera Bag, Photo Album, Tripod, Lens Cloth, Camera Strap",,,
Male,52,Reading,"Kindle Paperwhite, Bookmark Set, Novel, Book Light, Book Cover",,,
Male,52,Technology,"Tablet Device, USB Drive, Phone Stand, Power Bank, Cable Organizer",,,
Male,52,Travel,"Travel Neck Pillow Kit, Travel Pouch, Luggage Tag, Neck Pillow, Water Bottle",,,
Male,53,Cooking,"Espresso Machine, Recipe Book, Apron, Spice Set, Kitchen Towels",,,
Male,53,Fashion,"Elegant Jewelry Set, Wallet, Watch, Sunglasses, Backpack",,,
Male,53,Fitness,"Adjustable Dumbbells, Resistance Band, Gym Bottle, Yoga Mat, Towel",,,
Male,53,Gardening,"Gardening Kit, Plant Pot, Garden Gloves, Watering Can, Seed Kit",,,
Male,53,Photography,"Lens Cleaning Kit, Photo Album, Tripod, Lens Cloth, Camera Strap",,,
Male,53,Reading,"Leather-bound Classic Book, Bookmark Set, Novel, Book Light, Book Cover",,,
Male,53,Technology,"Smart Home Assistant, USB Drive, Phone Stand, Power Bank, Cable Organizer",,,
Male,53,Travel,"Hardshell Travel Luggage, Travel Pouch, Luggage Tag, Neck Pillow, Water Bottle",,,
Male,54,Cooking,"Cast Iron Skillet, Recipe Book, Apron, Spice Set, Kitchen Towels",,,
Male,54,Fashion,"Leather Briefcase, Wallet, Watch, Sunglasses, Backpack",,,
Male,54,Fitness,"Smart Fitness Band, Resistance Band, Gym Bottle, Yoga Mat, Towel",,,
Male,54,Gardening,"Smart Indoor Herb Garden, Plant Pot, Garden Gloves, Watering Can, Seed Kit",,,
Male,54,Photography,"Camera Tripod, Photo Album, Tripod, Lens Cloth, Camera Strap",,,
Male,54,Reading,"Book Collection, Bookmark Set, Novel, Book Light, Book Cover",,,
Male,54,Technology,"Wireless Charging Station, USB Drive, Phone Stand, Power Bank, Cable Organizer",,,
Male,54,Travel,"Noise Canceling Headphones, Travel Pouch, Luggage Tag, Neck Pillow, Water Bottle",,,
Male,55,Cooking,"Air Fryer, Recipe Book, Apron, Spice Set, Kitchen Towels",,,
Male,55,Fashion,"Premium Handbag, Wallet, Watch, Sunglasses, Backpack",,,
Male,55,Fitness,"Yoga Mat & Roller Set, Resistance Band, Gym Bottle, Yoga Mat, Towel",,,
Male,55,Gardening,"Ergonomic Gardening Tools, Plant Pot, Garden Gloves, Watering Can, Seed Kit",,,
Male,55,Photography,"Professional Camera Bag, Photo Album, Tripod, Lens Cloth, Camera Strap",,,
Male,55,Reading,"Kindle Paperwhite, Bookmark Set, Novel, Book Light, Book Cover",,,
Male,55,Technology,"Tablet Device, USB Drive, Phone Stand, Power Bank, Cable Organizer",,,
Male,55,Travel,"Travel Neck Pillow Kit, Travel Pouch, Luggage Tag, Neck Pillow, Water Bottle",,,
Male,56,Art,"Watercolor Paint Kit, Paint Set, Canvas Pad, Brush Kit, Craft Box",,,
Male,56,Cooking,"Engraved Wooden Cutting Board, Recipe Book, Apron, Spice Set, Kitchen Towels",,,
Male,56,Gardening,"Gardening Kit, Plant Pot, Garden Gloves, Watering Can, Seed Kit",,,
Male,56,Music,"TV Soundbar Upgrade, Headphones, Music Book, Tambourine, Bluetooth Speaker",,,
Male,56,Reading,"Large Print Novel Book, Bookmark Set, Novel, Book Light, Book Cover",,,
Male,56,Technology,"Tablet with Stand, USB Drive, Phone Stand, Power Bank, Cable Organizer",,,
Male,57,Art,"Adult Coloring Book & Pencil Set, Paint Set, Canvas Pad, Brush Kit, Craft Box",,,
Male,57,Cooking,"Premium Olive Oil Set, Recipe Book, Apron, Spice Set, Kitchen Towels",,,
Male,57,Gardening,"Raised Garden Bed Planter, Plant Pot, Garden Gloves, Watering Can, Seed Kit",,,
Male,57,Music,"Classic Vinyl Record Compilation, Headphones, Music Book, Tambourine, Bluetooth Speaker",,,
Male,57,Reading,"Book Collection, Bookmark Set, Novel, Book Light, Book Cover",,,
Male,57,Technology,"Key Finder Bluetooth Tracker, USB Drive, Phone Stand, Power Bank, Cable Organizer",,,
Male,58,Art,"Watercolor Paint Kit, Paint Set, Canvas Pad, Brush Kit, Craft Box",,,
Male,58,Cooking,"Electric Wine Opener, Recipe Book, Apron, Spice Set, Kitchen Towels",,,
Male,58,Gardening,"Heavy-Duty Garden Kneeler, Plant Pot, Garden Gloves, Watering Can, Seed Kit",,,
Male,58,Music,"TV Soundbar Upgrade, Headphones, Music Book, Tambourine, Bluetooth Speaker",,,
Male,58,Reading,"Magnifying Reading Glass, Bookmark Set, Novel, Book Light, Book Cover",,,
Male,58,Technology,"Digital Photo Frame, USB Drive, Phone Stand, Power Bank, Cable Organizer",,,
Male,59,Art,"Adult Coloring Book & Pencil Set, Paint Set, Canvas Pad, Brush Kit, Craft Box",,,
Male,59,Cooking,"Engraved Wooden Cutting Board, Recipe Book, Apron, Spice Set, Kitchen Towels",,,
Male,59,Gardening,"Gardening Kit, Plant Pot, Garden Gloves, Watering Can, Seed Kit",,,
Male,59,Music,"Classic Vinyl Record Compilation, Headphones, Music Book, Tambourine, Bluetooth Speaker",,,
Male,59,Reading,"Large Print Novel Book, Bookmark Set, Novel, Book Light, Book Cover",,,
Male,59,Technology,"Tablet with Stand, USB Drive, Phone Stand, Power Bank, Cable Organizer",,,
Male,60,Art,"Watercolor Paint Kit, Paint Set, Canvas Pad, Brush Kit, Craft Box",,,
Male,60,Cooking,"Premium Olive Oil Set, Recipe Book, Apron, Spice Set, Kitchen Towels",,,
Male,60,Gardening,"Raised Garden Bed Planter, Plant Pot, Garden Gloves, Watering Can, Seed Kit",,,
Male,60,Music,"TV Soundbar Upgrade, Headphones, Music Book, Tambourine, Bluetooth Speaker",,,
Male,60,Reading,"Book Collection, Bookmark Set, Novel, Book Light, Book Cover",,,
Male,60,Technology,"Key Finder Bluetooth Tracker, USB Drive, Phone Stand, Power Bank, Cable Organizer",,,
Male,61,Art,"Adult Coloring Book & Pencil Set, Paint Set, Canvas Pad, Brush Kit, Craft Box",,,
Male,61,Cooking,"Electric Wine Opener, Recipe Book, Apron, Spice Set, Kitchen Towels",,,
Male,61,Gardening,"Heavy-Duty Garden Kneeler, Plant Pot, Garden Gloves, Watering Can, Seed Kit",,,
Male,61,Music,"Classic Vinyl Record Compilation, Headphones, Music Book, Tambourine, Bluetooth Speaker",,,
Male,61,Reading,"Magnifying Reading Glass, Bookmark Set, Novel, Book Light, Book Cover",,,
Male,61,Technology,"Digital Photo Frame, USB Drive, Phone Stand, Power Bank, Cable Organizer",,,
Male,62,Art,"Watercolor Paint Kit, Paint Set, Canvas Pad, Brush Kit, Craft Box",,,
Male,62,Cooking,"Engraved Wooden Cutting Board, Recipe Book, Apron, Spice Set, Kitchen Towels",,,
Male,62,Gardening,"Gardening Kit, Plant Pot, Garden Gloves, Watering Can, Seed Kit",,,
Male,62,Music,"TV Soundbar Upgrade, Headphones, Music Book, Tambourine, Bluetooth Speaker",,,
Male,62,Reading,"Large Print Novel Book, Bookmark Set, Novel, Book Light, Book Cover",,,
Male,62,Technology,"Tablet with Stand, USB Drive, Phone Stand, Power Bank, Cable Organizer",,,
Male,63,Art,"Adult Coloring Book & Pencil Set, Paint Set, Canvas Pad, Brush Kit, Craft Box",,,
Male,63,Cooking,"Premium Olive Oil Set, Recipe Book, Apron, Spice Set, Kitchen Towels",,,
Male,63,Gardening,"Raised Garden Bed Planter, Plant Pot, Garden Gloves, Watering Can, Seed Kit",,,
Male,63,Music,"Classic Vinyl Record Compilation, Headphones, Music Book, Tambourine, Bluetooth Speaker",,,
Male,63,Reading,"Book Collection, Bookmark Set, Novel, Book Light, Book Cover",,,
Male,63,Technology,"Key Finder Bluetooth Tracker, USB Drive, Phone Stand, Power Bank, Cable Organizer",,,
Male,64,Art,"Watercolor Paint Kit, Paint Set, Canvas Pad, Brush Kit, Craft Box",,,
Male,64,Cooking,"Electric Wine Opener, Recipe Book, Apron, Spice Set, Kitchen Towels",,,
Male,64,Gardening,"Heavy-Duty Garden Kneeler, Plant Pot, Garden Gloves, Watering Can, Seed Kit",,,
Male,64,Music,"TV Soundbar Upgrade, Headphones, Music Book, Tambourine, Bluetooth Speaker",,,
Male,64,Reading,"Magnifying Reading Glass, Bookmark Set, Novel, Book Light, Book Cover",,,
Male,64,Technology,"Digital Photo Frame, USB Drive, Phone Stand, Power Bank, Cable Organizer",,,
Male,65,Art,"Adult Coloring Book & Pencil Set, Paint Set, Canvas Pad, Brush Kit, Craft Box",,,
Male,65,Cooking,"Engraved Wooden Cutting Board, Recipe Book, Apron, Spice Set, Kitchen Towels",,,
Male,65,Gardening,"Gardening Kit, Plant Pot, Garden Gloves, Watering Can, Seed Kit",,,
Male,65,Music,"Classic Vinyl Record Compilation, Headphones, Music Book, Tambourine, Bluetooth Speaker",,,
Male,65,Reading,"Large Print Novel Book, Bookmark Set, Novel, Book Light, Book Cover",,,
Male,65,Technology,"Tablet with Stand, USB Drive, Phone Stand, Power Bank, Cable Organizer",,,
Male,66,Art,"Watercolor Paint Kit, Paint Set, Canvas Pad, Brush Kit, Craft Box",,,
Male,66,Cooking,"Premium Olive Oil Set, Recipe Book, Apron, Spice Set, Kitchen Towels",,,
Male,66,Gardening,"Raised Garden Bed Planter, Plant Pot, Garden Gloves, Watering Can, Seed Kit",,,
Male,66,Music,"TV Soundbar Upgrade, Headphones, Music Book, Tambourine, Bluetooth Speaker",,,
Male,66,Reading,"Book Collection, Bookmark Set, Novel, Book Light, Book Cover",,,
Male,66,Technology,"Key Finder Bluetooth Tracker, USB Drive, Phone Stand, Power Bank, Cable Organizer",,,
Male,67,Art,"Adult Coloring Book & Pencil Set, Paint Set, Canvas Pad, Brush Kit, Craft Box",,,
Male,67,Cooking,"Electric Wine Opener, Recipe Book, Apron, Spice Set, Kitchen Towels",,,
Male,67,Gardening,"Heavy-Duty Garden Kneeler, Plant Pot, Garden Gloves, Watering Can, Seed Kit",,,
Male,67,Music,"Classic Vinyl Record Compilation, Headphones, Music Book, Tambourine, Bluetooth Speaker",,,
Male,67,Reading,"Magnifying Reading Glass, Bookmark Set, Novel, Book Light, Book Cover",,,
Male,67,Technology,"Digital Photo Frame, USB Drive, Phone Stand, Power Bank, Cable Organizer",,,
Male,68,Art,"Watercolor Paint Kit, Paint Set, Canvas Pad, Brush Kit, Craft Box",,,
Male,68,Cooking,"Engraved Wooden Cutting Board, Recipe Book, Apron, Spice Set, Kitchen Towels",,,
Male,68,Gardening,"Gardening Kit, Plant Pot, Garden Gloves, Watering Can, Seed Kit",,,
Male,68,Music,"TV Soundbar Upgrade, Headphones, Music Book, Tambourine, Bluetooth Speaker",,,
Male,68,Reading,"Large Print Novel Book, Bookmark Set, Novel, Book Light, Book Cover",,,
Male,68,Technology,"Tablet with Stand, USB Drive, Phone Stand, Power Bank, Cable Organizer",,,
Male,69,Art,"Adult Coloring Book & Pencil Set, Paint Set, Canvas Pad, Brush Kit, Craft Box",,,
Male,69,Cooking,"Premium Olive Oil Set, Recipe Book, Apron, Spice Set, Kitchen Towels",,,
Male,69,Gardening,"Raised Garden Bed Planter, Plant Pot, Garden Gloves, Watering Can, Seed Kit",,,
Male,69,Music,"Classic Vinyl Record Compilation, Headphones, Music Book, Tambourine, Bluetooth Speaker",,,
Male,69,Reading,"Book Collection, Bookmark Set, Novel, Book Light, Book Cover",,,
Male,69,Technology,"Key Finder Bluetooth Tracker, USB Drive, Phone Stand, Power Bank, Cable Organizer",,,
Male,70,Art,"Watercolor Paint Kit, Paint Set, Canvas Pad, Brush Kit, Craft Box",,,
Male,70,Cooking,"Electric Wine Opener, Recipe Book, Apron, Spice Set, Kitchen Towels",,,
Male,70,Gardening,"Heavy-Duty Garden Kneeler, Plant Pot, Garden Gloves, Watering Can, Seed Kit",,,
Male,70,Music,"TV Soundbar Upgrade, Headphones, Music Book, Tambourine, Bluetooth Speaker",,,
Male,70,Reading,"Magnifying Reading Glass, Bookmark Set, Novel, Book Light, Book Cover",,,
Male,70,Technology,"Digital Photo Frame, USB Drive, Phone Stand, Power Bank, Cable Organizer",,,
Female,1,Drawing,"Water Doodle Mat, Sketch Book, Color Pencils, Marker Set, Art Apron",,,
Female,1,Fashion,"Cute dresses, Colorful Socks, Cotton clothes, Wallet, Watch",,,
Female,1,Music,"Musical Toy, Headphones, Music Book, Tambourine, Bluetooth Speaker",,,
Female,1,Toys,"Stuffed Toys, Puzzle, Building Blocks, Toy Car, Plush Toy",,,
Female,2,Drawing,"Finger Paint Kit, Sketch Book, Color Pencils, Marker Set, Art Apron",,,
Female,2,Fashion,"Hair accessories, Wallet, Watch, Sunglasses, Backpack",,,
Female,2,Music,"Baby Xylophone, Headphones, Music Book, Tambourine, Bluetooth Speaker",,,
Female,2,Toys,"Stuffed Toys, Puzzle, Building Blocks, Toy Car, Plush Toy",,,
Female,2,Toys,"Musical Toys, Puzzle, Building Blocks, Toy Car, Plush Toy",,,
Female,2,Fashion,"cute jacket, sandals, Colorful Socks, Wallet, Watch",,,
Female,3,Drawing,"Coloring Book, Sketch Book, Color Pencils, Marker Set, Art Apron",,,
Female,3,Music,"Rattle Drum Set, Headphones, Music Book, Tambourine, Bluetooth Speaker",,,
Female,3,Toys,"Tea Party Set, Barbie Doll, Barbie Doll, Plush Animal Set, Puzzle",,,
Female,3,Fashion,"Cute Hoodie, Fashionable Dress, Sneakers, Wallet, Watch",,,
Female,4,Art,"Clay Modeling Set, Paint Set, Canvas Pad, Brush Kit, Craft Box",,,
Female,4,Fashion,"Kids sunglasses, cap, kids handbags, Wallet, Watch",,,
Female,4,Drawing,"Washable Markers Set, Sketch Book, Color Pencils, Marker Set, Art Apron",,,
Female,4,Music,"Toy Keyboard, Headphones, Music Book, Tambourine, Bluetooth Speaker",,,
Female,4,Reading,"Story Books, Bookmark Set, Novel, Book Light, Book Cover",,,
Female,4,Sports,"Bicycle, Sports Bottle, Sports Bag, Cap, Training Cones",,,
Female,4,Toys,"Kitchen Play Set, Doll house Set, Home Play Set, Puzzle, Building Blocks",,,
Female,5,Art,"DIY Craft Kit, Paint Set, Canvas Pad, Brush Kit, Craft Box",,,
Female,5,Drawing,"Coloring Set, Sketch Book, Color Pencils, Marker Set, Art Apron",,,
Female,5,Music,"Kids Karaoke Mic, Headphones, Music Book, Tambourine, Bluetooth Speaker",,,
Female,5,Fashion,"cap, Kids sunglasses, kids handbags, Fashionable Dress, Wallet",,,
Female,5,Reading,"Comic Book, Bookmark Set, Novel, Book Light, Book Cover",,,
Female,5,Sports,"Cricket Bat, Sports Bottle, Sports Bag, Cap, Training Cones",,,
Female,5,Toys,"Makeup Toy Set, Puzzle, Building Blocks, Toy Car, Plush Toy",,,
Female,6,Art,"Clay Modeling Set, Paint Set, Canvas Pad, Brush Kit, Craft Box",,,
Female,6,Drawing,"Crayons and Sketchpad, Sketch Book, Color Pencils, Marker Set, Art Apron",,,
Female,6,Music,"Toy Keyboard, Headphones, Music Book, Tambourine, Bluetooth Speaker",,,
Female,6,Reading,"Illustrated Encyclopedia, Bookmark Set, Novel, Book Light, Book Cover",,,
Female,6,Sports,"Football, Sports Bottle, Sports Bag, Cap, Training Cones",,,
Female,6,Fashion,"cap, Wallet, Watch, Sunglasses, Backpack",,,
Female,6,Fashion,"Kids sunglasses, Wallet, Watch, Sunglasses, Backpack",,,
Female,6,Fashion,"kids handbags, Wallet, Watch, Sunglasses, Backpack",,,
Female,6,Fashion,"Fashionable Dress, Wallet, Watch, Sunglasses, Backpack",,,
Female,6,Toys,"Barbie Doll, Puzzle, Building Blocks, Toy Car, Plush Toy",,,
Female,6,Toys,"Kitchen Play Set, Puzzle, Building Blocks, Toy Car, Plush Toy",,,
Female,7,Art,"DIY Craft Kit, Paint Set, Canvas Pad, Brush Kit, Craft Box",,,
Female,7,Drawing,"Washable Markers Set, Sketch Book, Color Pencils, Marker Set, Art Apron",,,
Female,7,Music,"Kids Karaoke Mic, Headphones, Music Book, Tambourine, Bluetooth Speaker",,,
Female,7,Reading,"Story Books, Bookmark Set, Novel, Book Light, Book Cover",,,
Female,7,Fashion,"cap, Wallet, Watch, Sunglasses, Backpack",,,
Female,7,Fashion,"clothes, Wallet, Watch, Sunglasses, Backpack",,,
Female,7,Fashion,"sandals, Wallet, Watch, Sunglasses, Backpack",,,
Female,7,Sports,"Skateboard, Sports Bottle, Sports Bag, Cap, Training Cones",,,
Female,7,Toys,"Stuffed Toys, Puzzle, Building Blocks, Toy Car, Plush Toy",,,
Female,7,Toys,"Board Game, Puzzle, Building Blocks, Toy Car, Plush Toy",,,
Female,7,Toys,"Home Play Set, Puzzle, Building Blocks, Toy Car, Plush Toy",,,
Female,8,Art,"Clay Modeling Set, Paint Set, Canvas Pad, Brush Kit, Craft Box",,,
Female,8,Drawing,"Coloring Set, Sketch Book, Color Pencils, Marker Set, Art Apron",,,
Female,8,Music,"Toy Keyboard, Headphones, Music Book, Tambourine, Bluetooth Speaker",,,
Female,8,Reading,"Comic Book, Bookmark Set, Novel, Book Light, Book Cover",,,
Female,8,Sports,"Bicycle, Sports Bottle, Sports Bag, Cap, Training Cones",,,
Female,8,Fashion,"cap, Wallet, Watch, Sunglasses, Backpack",,,
Female,8,Fashion,"Kids sunglasses, Wallet, Watch, Sunglasses, Backpack",,,
Female,8,Fashion,"kids handbags, Wallet, Watch, Sunglasses, Backpack",,,
Female,8,Fashion,"Fashionable Dress, Wallet, Watch, Sunglasses, Backpack",,,
Female,9,Art,"DIY Craft Kit, Paint Set, Canvas Pad, Brush Kit, Craft Box",,,
Female,9,Drawing,"Crayons and Sketchpad, Sketch Book, Color Pencils, Marker Set, Art Apron",,,
Female,9,Music,"Kids Karaoke Mic, Headphones, Music Book, Tambourine, Bluetooth Speaker",,,
Female,9,Reading,"Illustrated Encyclopedia, Bookmark Set, Novel, Book Light, Book Cover",,,
Female,9,Sports,"Cricket Bat, Sports Bottle, Sports Bag, Cap, Training Cones",,,
Female,9,Fashion,"jeans, Wallet, Watch, Sunglasses, Backpack",,,
Female,9,Fashion,"tshirt, Wallet, Watch, Sunglasses, Backpack",,,
Female,9,Fashion,"hoodie, Wallet, Watch, Sunglasses, Backpack",,,
Female,9,Toys,"Lego Set, Puzzle, Building Blocks, Toy Car, Plush Toy",,,
Female,10,Art,"Clay Modeling Set, Paint Set, Canvas Pad, Brush Kit, Craft Box",,,
Female,10,Drawing,"Washable Markers Set, Sketch Book, Color Pencils, Marker Set, Art Apron",,,
Female,10,Music,"Toy Keyboard, Headphones, Music Book, Tambourine, Bluetooth Speaker",,,
Female,10,Reading,"Story Books, Bookmark Set, Novel, Book Light, Book Cover",,,
Female,10,Sports,"Football, Sports Bottle, Sports Bag, Cap, Training Cones",,,
Female,10,Toys,"Action Figure, Puzzle, Building Blocks, Toy Car, Plush Toy",,,
Female,10,Fashion,"cap, Wallet, Watch, Sunglasses, Backpack",,,
Female,10,Fashion,"Kids sunglasses, Wallet, Watch, Sunglasses, Backpack",,,
Female,10,Fashion,"kids handbags, Wallet, Watch, Sunglasses, Backpack",,,
Female,11,Fashion,"Fashionable Dress, Wallet, Watch, Sunglasses, Backpack",,,
Female,11,Drawing,"Coloring Set, Sketch Book, Color Pencils, Marker Set, Art Apron",,,
Female,11,Music,"Kids Karaoke Mic, Headphones, Music Book, Tambourine, Bluetooth Speaker",,,
Female,11,Reading,"Comic Book, Bookmark Set, Novel, Book Light, Book Cover",,,
Female,11,Sports,"Skateboard, Sports Bottle, Sports Bag, Cap, Training Cones",,,
Female,11,Fashion,"tshirt, Wallet, Watch, Sunglasses, Backpack",,,
Female,11,Fashion,"hoodie, Wallet, Watch, Sunglasses, Backpack",,,
Female,11,Fashion,"Floral dress, Wallet, Watch, Sunglasses, Backpack",,,
Female,11,Toys,"Board Game, Puzzle, Building Blocks, Toy Car, Plush Toy",,,
Female,12,Art,"Clay Modeling Set, Paint Set, Canvas Pad, Brush Kit, Craft Box",,,
Female,12,Drawing,"Crayons and Sketchpad, Sketch Book, Color Pencils, Marker Set, Art Apron",,,
Female,12,Music,"Toy Keyboard, Headphones, Music Book, Tambourine, Bluetooth Speaker",,,
Female,12,Fashion,"cap, Wallet, Watch, Sunglasses, Backpack",,,
Female,12,Fashion,"Kids sunglasses, Wallet, Watch, Sunglasses, Backpack,kids handbags,Fashionable Dress",,,
Female,12,Reading,"Illustrated Encyclopedia, Bookmark Set, Novel, Book Light, Book Cover",,,
Female,12,Sports,"Bicycle, Sports Bottle, Sports Bag, Cap, Training Cones",,,
Female,12,Toys,"Doll house, Puzzle, Building Blocks, Toy Car, Plush Toy,Doctor set,soft toys, ",,,
Female,13,Fashion,"Stylish Backpack, Wallet, Watch, Sunglasses, Backpack",,,
Female,13,Gaming,"Gaming Mouse, Mouse Pad, Gaming Mug, LED Lamp, Gaming Poster",,,
Female,13,Music,"Wireless Earbuds, Headphones, Music Book, Tambourine, Bluetooth Speaker",,,
Female,13,Reading,"Fantasy Novel Series, Bookmark Set, Novel, Book Light, Book Cover",,,
Female,13,Sports,"Sports Jersey, Sports Bottle, Sports Bag, Cap, Training Cones",,,
Female,13,Technology,"Phone Camera Lens Kit, USB Drive, Phone Stand, Power Bank, Cable Organizer",,,
Female,14,Fashion,"Trendy Sneakers Voucher, Wallet, Watch, Sunglasses, Backpack",,,
Female,14,Gaming,"RGB Mechanical Keyboard, Mouse Pad, Gaming Mug, LED Lamp, Gaming Poster",,,
Female,14,Music,"Bluetooth Speaker, Headphones, Music Book, Tambourine, Microphone",,,
Female,14,Reading,"Manga Box Set, Bookmark Set, Novel, Book Light, Book Cover",,,
Female,14,Sports,"Basketball, Sports Bottle, Sports Bag, Cap, Training Cones",,,
Female,14,Technology,"Mini Drone, USB Drive, Phone Stand, Power Bank, Cable Organizer",,,
Female,15,Fashion,"Graphic Hoodie, Wallet, Watch, Sunglasses, Backpack",,,
Female,15,Fashion,"cap, Wallet, Watch, Sunglasses, Backpack",,,
Female,15,Fashion,"sunglasses, Wallet, Watch, Sunglasses, Backpack",,,
Female,15,Fashion,"handbags, Wallet, Watch, Sunglasses, Backpack",,,
Female,15,Fashion,"Fashionable Dress, Wallet, Watch, Sunglasses, Backpack",,,
Female,15,Sports,"Premium Cricket Bat, Sports Bottle, Sports Bag, Cap, Training Cones",,,
Female,15,Technology,"Smart Watch, USB Drive, Phone Stand, Power Bank, Cable Organizer",,,
Female,16,Fashion,"Stylish Backpack, Wallet, Watch, Sunglasses, Backpack",,,
Female,16,Gaming,"Gaming Headset, Mouse Pad, Gaming Mug, LED Lamp, Gaming Poster",,,
Female,16,Music,"Wireless Earbuds, Headphones, Music Book, Tambourine, Bluetooth Speaker",,,
Female,16,Reading,"Manga Box Set, Bookmark Set, Novel, Book Light, Book Cover",,,
Female,16,Fashion,"Hoodie, Wallet, Watch, Sunglasses, Backpack",,,
Female,16,Fashion,"Trending clothes, Wallet, Watch, Sunglasses, Backpack",,,
Female,16,Sports,"Sports Jersey, Sports Bottle, Sports Bag, Cap, Training Cones",,,
Female,16,Technology,"Phone Camera Lens Kit, USB Drive, Phone Stand, Power Bank, Cable Organizer",,,
Female,17,Fashion,"Trendy Sneakers Voucher, Wallet, Watch, Sunglasses, Backpack",,,
Female,17,Gaming,"Gaming Mouse, Mouse Pad, Gaming Mug, LED Lamp, Gaming Poster",,,
Female,17,Music,"Bluetooth Speaker, Headphones, Music Book, Tambourine, Microphone",,,
Female,17,Reading,"Fantasy Novel Series, Bookmark Set, Novel, Book Light, Book Cover",,,
Female,17,Sports,"Basketball, Sports Bottle, Sports Bag, Cap, Training Cones",,,
Female,17,Technology,"Mini Drone, USB Drive, Phone Stand, Power Bank, Cable Organizer",,,
Female,17,Fashion,"Trending clothes, Wallet, Watch, Sunglasses, Backpack",,,
Female,18,Fashion,"Graphic Hoodie, Wallet, Watch, Sunglasses, Backpack",,,
Female,18,Gaming,"RGB Mechanical Keyboard, Mouse Pad, Gaming Mug, LED Lamp, Gaming Poster",,,
Female,18,Music,"Ukulele, Headphones, Music Book, Tambourine, Bluetooth Speaker",,,
Female,18,Reading,"Manga Box Set, Bookmark Set, Novel, Book Light, Book Cover",,,
Female,18,Sports,"Premium Cricket Bat, Sports Bottle, Sports Bag, Cap, Training Cones",,,
Female,18,Technology,"Smart Watch, USB Drive, Phone Stand, Power Bank, Cable Organizer",,,
Female,19,Fashion,"Stylish Backpack, Wallet, Watch, Sunglasses, Backpack",,,
Female,19,Fashion,"Trending clothes, Wallet, Watch, Sunglasses, Backpack",,,
Female,19,Gaming,"Console Controller, Mouse Pad, Gaming Mug, LED Lamp, Gaming Poster",,,
Female,19,Music,"Wireless Earbuds, Headphones, Music Book, Tambourine, Bluetooth Speaker",,,
Female,19,Reading,"Fantasy Novel Series, Bookmark Set, Novel, Book Light, Book Cover",,,
Female,19,Sports,"Sports Jersey, Sports Bottle, Sports Bag, Cap, Training Cones",,,
Female,19,Technology,"Phone Camera Lens Kit, USB Drive, Phone Stand, Power Bank, Cable Organizer",,,
Female,20,Art,"Professional Sketch Set, Paint Set, Canvas Pad, Brush Kit, Craft Box",,,
Female,20,Cooking,"Air Fryer, Recipe Book, Apron, Spice Set, Kitchen Towels",,,
Female,20,Fashion,"Handbag, Wallet, Watch, Sunglasses, Backpack",,,
Female,20,Fitness,"Resistance Bands Set, Resistance Band, Gym Bottle, Yoga Mat, Towel",,,
Female,20,Fashion,"Fashion, Wallet, Watch, Sunglasses, Backpack",,,
Female,20,Fashion,"Fashion, Wallet, Watch, Sunglasses, Backpack",,,
Female,20,Gaming,"Gaming Monitor Upgrade, Mouse Pad, Gaming Mug, LED Lamp, Gaming Poster",,,
Female,20,Fashion,"Trending clothes, Wallet, Watch, Sunglasses, Backpack",,,
Female,20,Music,"Vinyl Record Player, Headphones, Music Book, Tambourine, Bluetooth Speaker",,,
Female,20,Photography,"Instant Film Camera, Photo Album, Tripod, Lens Cloth, Camera Strap",,,
Female,20,Sports,"Fitness Tracker, Sports Bottle, Sports Bag, Cap, Training Cones",,,
Female,20,Technology,"Portable SSD Storage, USB Drive, Phone Stand, Power Bank, Cable Organizer",,,
Female,20,Travel,"Passport Holder Set, Travel Pouch, Luggage Tag, Neck Pillow, Water Bottle",,,
Female,21,Art,"Digital Drawing Tablet, Paint Set, Canvas Pad, Brush Kit, Craft Box",,,
Female,21,Cooking,"Gourmet Spice Rack, Recipe Book, Apron, Spice Set, Kitchen Towels",,,
Female,21,Fashion,"Fashion, Wallet, Watch, Sunglasses, Backpack",,,
Female,21,Fashion,"Fashion, Wallet, Watch, Sunglasses, Backpack",,,
Female,21,Fashion,"Jewelry Set, Wallet, Watch, Sunglasses, Backpack",,,
Female,21,Fitness,"Deep Tissue Massage Gun, Resistance Band, Gym Bottle, Yoga Mat, Towel",,,
Female,21,Gaming,"Pro Gaming Mouse, Mouse Pad, Gaming Mug, LED Lamp, Gaming Poster",,,
Female,21,Music,"Portable Bluetooth Speaker, Headphones, Music Book, Tambourine, Bluetooth Speaker",,,
Female,21,Photography,"Smartphone Gimbal, Photo Album, Tripod, Lens Cloth, Camera Strap",,,
Female,21,Sports,"Premium Gym Bag, Sports Bottle, Sports Bag, Cap, Training Cones",,,
Female,21,Technology,"Smart Watch, USB Drive, Phone Stand, Power Bank, Cable Organizer",,,
Female,21,Travel,"Travel Backpack, Travel Pouch, Luggage Tag, Neck Pillow, Water Bottle",,,
Female,22,Art,"Professional Sketch Set, Paint Set, Canvas Pad, Brush Kit, Craft Box",,,
Female,22,Cooking,"Chef Knife Set, Recipe Book, Apron, Spice Set, Kitchen Towels",,,
Female,22,Fashion,"Designer Wallet, Wallet, Watch, Sunglasses, Backpack",,,
Female,22,Fitness,"Fitness Band, Resistance Band, Gym Bottle, Yoga Mat, Towel",,,
Female,22,Gaming,"Mechanical Keyboard, Mouse Pad, Gaming Mug, LED Lamp, Gaming Poster",,,
Female,22,Music,"Noise Canceling Headphones, Headphones, Music Book, Tambourine, Bluetooth Speaker",,,
Female,22,Photography,"Camera Tripod, Photo Album, Tripod, Lens Cloth, Camera Strap",,,
Female,22,Sports,"Running Shoes Voucher, Sports Bottle, Sports Bag, Cap, Training Cones",,,
Female,22,Technology,"Wireless Earbuds, USB Drive, Phone Stand, Power Bank, Cable Organizer",,,
Female,22,Travel,"Scratch-off World Map, Travel Pouch, Luggage Tag, Neck Pillow, Water Bottle",,,
Female,23,Art,"Digital Drawing Tablet, Paint Set, Canvas Pad, Brush Kit, Craft Box",,,
Female,23,Cooking,"Air Fryer, Recipe Book, Apron, Spice Set, Kitchen Towels",,,
Female,23,Fashion,"Luxury Sunglasses, Wallet, Watch, Sunglasses, Backpack",,,
Female,23,Fitness,"Resistance Bands Set, Resistance Band, Gym Bottle, Yoga Mat, Towel",,,
Female,23,Gaming,"Gaming Monitor Upgrade, Mouse Pad, Gaming Mug, LED Lamp, Gaming Poster",,,
Female,23,Music,"Vinyl Record Player, Headphones, Music Book, Tambourine, Bluetooth Speaker",,,
Female,23,Photography,"Instant Film Camera, Photo Album, Tripod, Lens Cloth, Camera Strap",,,
Female,23,Sports,"Fitness Tracker, Sports Bottle, Sports Bag, Cap, Training Cones",,,
Female,23,Technology,"Mechanical Keyboard, USB Drive, Phone Stand, Power Bank, Cable Organizer",,,
Female,23,Travel,"Passport Holder Set, Travel Pouch, Luggage Tag, Neck Pillow, Water Bottle",,,
Female,24,Art,"Professional Sketch Set, Paint Set, Canvas Pad, Brush Kit, Craft Box",,,
Female,24,Cooking,"Gourmet Spice Rack, Recipe Book, Apron, Spice Set, Kitchen Towels",,,
Female,24,Fashion,"Handbag, Wallet, Watch, Sunglasses, Backpack",,,
Female,24,Fitness,"Deep Tissue Massage Gun, Resistance Band, Gym Bottle, Yoga Mat, Towel",,,
Female,24,Gaming,"Pro Gaming Mouse, Mouse Pad, Gaming Mug, LED Lamp, Gaming Poster",,,
Female,24,Music,"Portable Bluetooth Speaker, Headphones, Music Book, Tambourine, Bluetooth Speaker",,,
Female,24,Photography,"Smartphone Gimbal, Photo Album, Tripod, Lens Cloth, Camera Strap",,,
Female,24,Sports,"Premium Gym Bag, Sports Bottle, Sports Bag, Cap, Training Cones",,,
Female,24,Technology,"Portable SSD Storage, USB Drive, Phone Stand, Power Bank, Cable Organizer",,,
Female,24,Travel,"Travel Backpack, Travel Pouch, Luggage Tag, Neck Pillow, Water Bottle",,,
Female,25,Art,"Digital Drawing Tablet, Paint Set, Canvas Pad, Brush Kit, Craft Box",,,
Female,25,Cooking,"Chef Knife Set, Recipe Book, Apron, Spice Set, Kitchen Towels",,,
Female,25,Fashion,"Trending saree, Wallet, Watch, Sunglasses, Backpack",,,
Female,25,Fashion,"Jewelry Set, Wallet, Watch, Sunglasses, Backpack",,,
Female,25,Fitness,"Fitness Band, Resistance Band, Gym Bottle, Yoga Mat, Towel",,,
Female,25,Gaming,"Mechanical Keyboard, Mouse Pad, Gaming Mug, LED Lamp, Gaming Poster",,,
Female,25,Music,"Noise Canceling Headphones, Headphones, Music Book, Tambourine, Bluetooth Speaker",,,
Female,25,Photography,"Camera Tripod, Photo Album, Tripod, Lens Cloth, Camera Strap",,,
Female,25,Sports,"Running Shoes Voucher, Sports Bottle, Sports Bag, Cap, Training Cones",,,
Female,25,Technology,"Smart Watch, USB Drive, Phone Stand, Power Bank, Cable Organizer",,,
Female,25,Travel,"Scratch-off World Map, Travel Pouch, Luggage Tag, Neck Pillow, Water Bottle",,,
Female,26,Art,"Professional Sketch Set, Paint Set, Canvas Pad, Brush Kit, Craft Box",,,
Female,26,Cooking,"Air Fryer, Recipe Book, Apron, Spice Set, Kitchen Towels",,,
Female,26,Fashion,"Designer Wallet, Wallet, Watch, Sunglasses, Backpack",,,
Female,26,Fitness,"Resistance Bands Set, Resistance Band, Gym Bottle, Yoga Mat, Towel",,,
Female,26,Gaming,"Gaming Monitor Upgrade, Mouse Pad, Gaming Mug, LED Lamp, Gaming Poster",,,
Female,26,Fashion,"Trending saree, Wallet, Watch, Sunglasses, Backpack",,,
Female,26,Music,"Vinyl Record Player, Headphones, Music Book, Tambourine, Bluetooth Speaker",,,
Female,26,Photography,"Instant Film Camera, Photo Album, Tripod, Lens Cloth, Camera Strap",,,
Female,26,Sports,"Fitness Tracker, Sports Bottle, Sports Bag, Cap, Training Cones",,,
Female,26,Technology,"Wireless Earbuds, USB Drive, Phone Stand, Power Bank, Cable Organizer",,,
Female,26,Travel,"Passport Holder Set, Travel Pouch, Luggage Tag, Neck Pillow, Water Bottle",,,
Female,27,Art,"Digital Drawing Tablet, Paint Set, Canvas Pad, Brush Kit, Craft Box",,,
Female,27,Cooking,"Gourmet Spice Rack, Recipe Book, Apron, Spice Set, Kitchen Towels",,,
Female,27,Fashion,"Luxury Sunglasses, Wallet, Watch, Sunglasses, Backpack",,,
Female,27,Fitness,"Deep Tissue Massage Gun, Resistance Band, Gym Bottle, Yoga Mat, Towel",,,
Female,27,Gaming,"Pro Gaming Mouse, Mouse Pad, Gaming Mug, LED Lamp, Gaming Poster",,,
Female,27,Music,"Portable Bluetooth Speaker, Headphones, Music Book, Tambourine, Bluetooth Speaker",,,
Female,27,Photography,"Smartphone Gimbal, Photo Album, Tripod, Lens Cloth, Camera Strap",,,
Female,27,Sports,"Premium Gym Bag, Sports Bottle, Sports Bag, Cap, Training Cones",,,
Female,27,Technology,"Mechanical Keyboard, USB Drive, Phone Stand, Power Bank, Cable Organizer",,,
Female,27,Travel,"Travel Backpack, Travel Pouch, Luggage Tag, Neck Pillow, Water Bottle",,,
Female,28,Art,"Professional Sketch Set, Paint Set, Canvas Pad, Brush Kit, Craft Box",,,
Female,28,Cooking,"Chef Knife Set, Recipe Book, Apron, Spice Set, Kitchen Towels",,,
Female,28,Fashion,"Handbag, Wallet, Watch, Sunglasses, Backpack",,,
Female,28,Fitness,"Fitness Band, Resistance Band, Gym Bottle, Yoga Mat, Towel",,,
Female,28,Gaming,"Mechanical Keyboard, Mouse Pad, Gaming Mug, LED Lamp, Gaming Poster",,,
Female,28,Music,"Noise Canceling Headphones, Headphones, Music Book, Tambourine, Bluetooth Speaker",,,
Female,28,Photography,"Camera Tripod, Photo Album, Tripod, Lens Cloth, Camera Strap",,,
Female,28,Sports,"Running Shoes Voucher, Sports Bottle, Sports Bag, Cap, Training Cones",,,
Female,28,Technology,"Portable SSD Storage, USB Drive, Phone Stand, Power Bank, Cable Organizer",,,
Female,28,Travel,"Scratch-off World Map, Travel Pouch, Luggage Tag, Neck Pillow, Water Bottle",,,
Female,29,Art,"Digital Drawing Tablet, Paint Set, Canvas Pad, Brush Kit, Craft Box",,,
Female,29,Cooking,"Air Fryer, Recipe Book, Apron, Spice Set, Kitchen Towels",,,
Female,29,Fashion,"Perfumes, Wallet, Watch, Sunglasses, Backpack",,,
Female,29,Fashion,"Jewelry Set, Wallet, Watch, Sunglasses, Backpack",,,
Female,29,Fitness,"Resistance Bands Set, Resistance Band, Gym Bottle, Yoga Mat, Towel",,,
Female,29,Gaming,"Gaming Monitor Upgrade, Mouse Pad, Gaming Mug, LED Lamp, Gaming Poster",,,
Female,29,Music,"Vinyl Record Player, Headphones, Music Book, Tambourine, Bluetooth Speaker",,,
Female,29,Photography,"Instant Film Camera, Photo Album, Tripod, Lens Cloth, Camera Strap",,,
Female,29,Sports,"Fitness Tracker, Sports Bottle, Sports Bag, Cap, Training Cones",,,
Female,29,Technology,"Smart Watch, USB Drive, Phone Stand, Power Bank, Cable Organizer",,,
Female,29,Travel,"Passport Holder Set, Travel Pouch, Luggage Tag, Neck Pillow, Water Bottle",,,
Female,30,Art,"Professional Sketch Set, Paint Set, Canvas Pad, Brush Kit, Craft Box",,,
Female,30,Cooking,"Gourmet Spice Rack, Recipe Book, Apron, Spice Set, Kitchen Towels",,,
Female,30,Fashion,"Designer Wallet, Wallet, Watch, Sunglasses, Backpack",,,
Female,30,Fitness,"Deep Tissue Massage Gun, Resistance Band, Gym Bottle, Yoga Mat, Towel",,,
Female,30,Fashion,"Saree, Wallet, Watch, Sunglasses, Backpack",,,
Female,30,Fashion,"Perfumes, Wallet, Watch, Sunglasses, Backpack",,,
Female,30,Gaming,"Pro Gaming Mouse, Mouse Pad, Gaming Mug, LED Lamp, Gaming Poster",,,
Female,30,Music,"Portable Bluetooth Speaker, Headphones, Music Book, Tambourine, Bluetooth Speaker",,,
Female,30,Photography,"Smartphone Gimbal, Photo Album, Tripod, Lens Cloth, Camera Strap",,,
Female,30,Sports,"Premium Gym Bag, Sports Bottle, Sports Bag, Cap, Training Cones",,,
Female,30,Technology,"Wireless Earbuds, USB Drive, Phone Stand, Power Bank, Cable Organizer",,,
Female,30,Travel,"Travel Backpack, Travel Pouch, Luggage Tag, Neck Pillow, Water Bottle",,,
Female,31,Art,"Digital Drawing Tablet, Paint Set, Canvas Pad, Brush Kit, Craft Box",,,
Female,31,Cooking,"Chef Knife Set, Recipe Book, Apron, Spice Set, Kitchen Towels",,,
Female,31,Fashion,"Luxury Sunglasses, Wallet, Watch, Sunglasses, Backpack",,,
Female,31,Fitness,"Fitness Band, Resistance Band, Gym Bottle, Yoga Mat, Towel",,,
Female,31,Gaming,"Mechanical Keyboard, Mouse Pad, Gaming Mug, LED Lamp, Gaming Poster",,,
Female,31,Music,"Noise Canceling Headphones, Headphones, Music Book, Tambourine, Bluetooth Speaker",,,
Female,31,Photography,"Camera Tripod, Photo Album, Tripod, Lens Cloth, Camera Strap",,,
Female,31,Sports,"Running Shoes Voucher, Sports Bottle, Sports Bag, Cap, Training Cones",,,
Female,31,Technology,"Mechanical Keyboard, USB Drive, Phone Stand, Power Bank, Cable Organizer",,,
Female,31,Travel,"Scratch-off World Map, Travel Pouch, Luggage Tag, Neck Pillow, Water Bottle",,,
Female,32,Art,"Professional Sketch Set, Paint Set, Canvas Pad, Brush Kit, Craft Box",,,
Female,32,Cooking,"Air Fryer, Recipe Book, Apron, Spice Set, Kitchen Towels",,,
Female,32,Fashion,"Handbag, Wallet, Watch, Sunglasses, Backpack",,,
Female,32,Fitness,"Resistance Bands Set, Resistance Band, Gym Bottle, Yoga Mat, Towel",,,
Female,32,Gaming,"Gaming Monitor Upgrade, Mouse Pad, Gaming Mug, LED Lamp, Gaming Poster",,,
Female,32,Music,"Vinyl Record Player, Headphones, Music Book, Tambourine, Bluetooth Speaker",,,
Female,32,Photography,"Instant Film Camera, Photo Album, Tripod, Lens Cloth, Camera Strap",,,
Female,32,Sports,"Fitness Tracker, Sports Bottle, Sports Bag, Cap, Training Cones",,,
Female,32,Technology,"Portable SSD Storage, USB Drive, Phone Stand, Power Bank, Cable Organizer",,,
Female,32,Travel,"Passport Holder Set, Travel Pouch, Luggage Tag, Neck Pillow, Water Bottle",,,
Female,33,Art,"Digital Drawing Tablet, Paint Set, Canvas Pad, Brush Kit, Craft Box",,,
Female,33,Cooking,"Gourmet Spice Rack, Recipe Book, Apron, Spice Set, Kitchen Towels",,,
Female,33,Fashion,"Jewelry Set, Wallet, Watch, Sunglasses, Backpack",,,
Female,33,Fitness,"Deep Tissue Massage Gun, Resistance Band, Gym Bottle, Yoga Mat, Towel",,,
Female,33,Gaming,"Pro Gaming Mouse, Mouse Pad, Gaming Mug, LED Lamp, Gaming Poster",,,
Female,33,Music,"Portable Bluetooth Speaker, Headphones, Music Book, Tambourine, Bluetooth Speaker",,,
Female,33,Photography,"Smartphone Gimbal, Photo Album, Tripod, Lens Cloth, Camera Strap",,,
Female,33,Sports,"Premium Gym Bag, Sports Bottle, Sports Bag, Cap, Training Cones",,,
Female,33,Technology,"Smart Watch, USB Drive, Phone Stand, Power Bank, Cable Organizer",,,
Female,33,Travel,"Travel Backpack, Travel Pouch, Luggage Tag, Neck Pillow, Water Bottle",,,
Female,34,Art,"Professional Sketch Set, Paint Set, Canvas Pad, Brush Kit, Craft Box",,,
Female,34,Cooking,"Chef Knife Set, Recipe Book, Apron, Spice Set, Kitchen Towels",,,
Female,34,Fashion,"Designer Wallet, Wallet, Watch, Sunglasses, Backpack",,,
Female,34,Fitness,"Fitness Band, Resistance Band, Gym Bottle, Yoga Mat, Towel",,,
Female,34,Gaming,"Mechanical Keyboard, Mouse Pad, Gaming Mug, LED Lamp, Gaming Poster",,,
Female,34,Music,"Noise Canceling Headphones, Headphones, Music Book, Tambourine, Bluetooth Speaker",,,
Female,34,Photography,"Camera Tripod, Photo Album, Tripod, Lens Cloth, Camera Strap",,,
Female,34,Sports,"Running Shoes Voucher, Sports Bottle, Sports Bag, Cap, Training Cones",,,
Female,34,Technology,"Wireless Earbuds, USB Drive, Phone Stand, Power Bank, Cable Organizer",,,
Female,34,Travel,"Scratch-off World Map, Travel Pouch, Luggage Tag, Neck Pillow, Water Bottle",,,
Female,35,Art,"Digital Drawing Tablet, Paint Set, Canvas Pad, Brush Kit, Craft Box",,,
Female,35,Cooking,"Air Fryer, Recipe Book, Apron, Spice Set, Kitchen Towels",,,
Female,35,Fashion,"Luxury Sunglasses, Wallet, Watch, Sunglasses, Backpack",,,
Female,35,Fitness,"Resistance Bands Set, Resistance Band, Gym Bottle, Yoga Mat, Towel",,,
Female,35,Gaming,"Gaming Monitor Upgrade, Mouse Pad, Gaming Mug, LED Lamp, Gaming Poster",,,
Female,35,Music,"Vinyl Record Player, Headphones, Music Book, Tambourine, Bluetooth Speaker",,,
Female,35,Photography,"Instant Film Camera, Photo Album, Tripod, Lens Cloth, Camera Strap",,,
Female,35,Sports,"Fitness Tracker, Sports Bottle, Sports Bag, Cap, Training Cones",,,
Female,35,Technology,"Mechanical Keyboard, USB Drive, Phone Stand, Power Bank, Cable Organizer",,,
Female,35,Travel,"Passport Holder Set, Travel Pouch, Luggage Tag, Neck Pillow, Water Bottle",,,
Female,36,Cooking,"Cast Iron Skillet, Recipe Book, Apron, Spice Set, Kitchen Towels",,,
Female,36,Fashion,"Leather Briefcase, Wallet, Watch, Sunglasses, Backpack",,,
Female,36,Fitness,"Smart Fitness Band, Resistance Band, Gym Bottle, Yoga Mat, Towel",,,
Female,36,Gardening,"Smart Indoor Herb Garden, Plant Pot, Garden Gloves, Watering Can, Seed Kit",,,
Female,36,Photography,"Camera Tripod, Photo Album, Tripod, Lens Cloth, Camera Strap",,,
Female,36,Reading,"Book Collection, Bookmark Set, Novel, Book Light, Book Cover",,,
Female,36,Technology,"Wireless Charging Station, USB Drive, Phone Stand, Power Bank, Cable Organizer",,,
Female,36,Travel,"Noise Canceling Headphones, Travel Pouch, Luggage Tag, Neck Pillow, Water Bottle",,,
Female,37,Cooking,"Air Fryer, Recipe Book, Apron, Spice Set, Kitchen Towels",,,
Female,37,Fashion,"Premium Handbag, Wallet, Watch, Sunglasses, Backpack",,,
Female,37,Fitness,"Yoga Mat & Roller Set, Resistance Band, Gym Bottle, Yoga Mat, Towel",,,
Female,37,Gardening,"Ergonomic Gardening Tools, Plant Pot, Garden Gloves, Watering Can, Seed Kit",,,
Female,37,Photography,"Professional Camera Bag, Photo Album, Tripod, Lens Cloth, Camera Strap",,,
Female,37,Reading,"Kindle Paperwhite, Bookmark Set, Novel, Book Light, Book Cover",,,
Female,37,Technology,"Tablet Device, USB Drive, Phone Stand, Power Bank, Cable Organizer",,,
Female,37,Travel,"Travel Neck Pillow Kit, Travel Pouch, Luggage Tag, Neck Pillow, Water Bottle",,,
Female,38,Cooking,"Espresso Machine, Recipe Book, Apron, Spice Set, Kitchen Towels",,,
Female,38,Fashion,"Elegant Jewelry Set, Wallet, Watch, Sunglasses, Backpack",,,
Female,38,Fitness,"Adjustable Dumbbells, Resistance Band, Gym Bottle, Yoga Mat, Towel",,,
Female,38,Gardening,"Gardening Kit, Plant Pot, Garden Gloves, Watering Can, Seed Kit",,,
Female,38,Photography,"Lens Cleaning Kit, Photo Album, Tripod, Lens Cloth, Camera Strap",,,
Female,38,Reading,"Leather-bound Classic Book, Bookmark Set, Novel, Book Light, Book Cover",,,
Female,38,Technology,"Smart Home Assistant, USB Drive, Phone Stand, Power Bank, Cable Organizer",,,
Female,38,Travel,"Hardshell Travel Luggage, Travel Pouch, Luggage Tag, Neck Pillow, Water Bottle",,,
Female,39,Cooking,"Cast Iron Skillet, Recipe Book, Apron, Spice Set, Kitchen Towels",,,
Female,39,Fashion,"Leather Briefcase, Wallet, Watch, Sunglasses, Backpack",,,
Female,39,Fitness,"Smart Fitness Band, Resistance Band, Gym Bottle, Yoga Mat, Towel",,,
Female,39,Gardening,"Smart Indoor Herb Garden, Plant Pot, Garden Gloves, Watering Can, Seed Kit",,,
Female,39,Photography,"Camera Tripod, Photo Album, Tripod, Lens Cloth, Camera Strap",,,
Female,39,Reading,"Book Collection, Bookmark Set, Novel, Book Light, Book Cover",,,
Female,39,Technology,"Wireless Charging Station, USB Drive, Phone Stand, Power Bank, Cable Organizer",,,
Female,39,Travel,"Noise Canceling Headphones, Travel Pouch, Luggage Tag, Neck Pillow, Water Bottle",,,
Female,40,Cooking,"Air Fryer, Recipe Book, Apron, Spice Set, Kitchen Towels",,,
Female,40,Fashion,"Premium Handbag, Wallet, Watch, Sunglasses, Backpack",,,
Female,40,Fitness,"Yoga Mat & Roller Set, Resistance Band, Gym Bottle, Yoga Mat, Towel",,,
Female,40,Gardening,"Ergonomic Gardening Tools, Plant Pot, Garden Gloves, Watering Can, Seed Kit",,,
Female,40,Photography,"Professional Camera Bag, Photo Album, Tripod, Lens Cloth, Camera Strap",,,
Female,40,Reading,"Kindle Paperwhite, Bookmark Set, Novel, Book Light, Book Cover",,,
Female,40,Technology,"Tablet Device, USB Drive, Phone Stand, Power Bank, Cable Organizer",,,
Female,40,Travel,"Travel Neck Pillow Kit, Travel Pouch, Luggage Tag, Neck Pillow, Water Bottle",,,
Female,41,Cooking,"Espresso Machine, Recipe Book, Apron, Spice Set, Kitchen Towels",,,
Female,41,Fashion,"Elegant Jewelry Set, Wallet, Watch, Sunglasses, Backpack",,,
Female,41,Fitness,"Adjustable Dumbbells, Resistance Band, Gym Bottle, Yoga Mat, Towel",,,
Female,41,Gardening,"Gardening Kit, Plant Pot, Garden Gloves, Watering Can, Seed Kit",,,
Female,41,Photography,"Lens Cleaning Kit, Photo Album, Tripod, Lens Cloth, Camera Strap",,,
Female,41,Reading,"Leather-bound Classic Book, Bookmark Set, Novel, Book Light, Book Cover",,,
Female,41,Technology,"Smart Home Assistant, USB Drive, Phone Stand, Power Bank, Cable Organizer",,,
Female,41,Travel,"Hardshell Travel Luggage, Travel Pouch, Luggage Tag, Neck Pillow, Water Bottle",,,
Female,42,Cooking,"Cast Iron Skillet, Recipe Book, Apron, Spice Set, Kitchen Towels",,,
Female,42,Fashion,"Leather Briefcase, Wallet, Watch, Sunglasses, Backpack",,,
Female,42,Fitness,"Smart Fitness Band, Resistance Band, Gym Bottle, Yoga Mat, Towel",,,
Female,42,Gardening,"Smart Indoor Herb Garden, Plant Pot, Garden Gloves, Watering Can, Seed Kit",,,
Female,42,Photography,"Camera Tripod, Photo Album, Tripod, Lens Cloth, Camera Strap",,,
Female,42,Reading,"Book Collection, Bookmark Set, Novel, Book Light, Book Cover",,,
Female,42,Technology,"Wireless Charging Station, USB Drive, Phone Stand, Power Bank, Cable Organizer",,,
Female,42,Travel,"Noise Canceling Headphones, Travel Pouch, Luggage Tag, Neck Pillow, Water Bottle",,,
Female,43,Cooking,"Air Fryer, Recipe Book, Apron, Spice Set, Kitchen Towels",,,
Female,43,Fashion,"Premium Handbag, Wallet, Watch, Sunglasses, Backpack",,,
Female,43,Fitness,"Yoga Mat & Roller Set, Resistance Band, Gym Bottle, Yoga Mat, Towel",,,
Female,43,Gardening,"Ergonomic Gardening Tools, Plant Pot, Garden Gloves, Watering Can, Seed Kit",,,
Female,43,Photography,"Professional Camera Bag, Photo Album, Tripod, Lens Cloth, Camera Strap",,,
Female,43,Reading,"Kindle Paperwhite, Bookmark Set, Novel, Book Light, Book Cover",,,
Female,43,Technology,"Tablet Device, USB Drive, Phone Stand, Power Bank, Cable Organizer",,,
Female,43,Travel,"Travel Neck Pillow Kit, Travel Pouch, Luggage Tag, Neck Pillow, Water Bottle",,,
Female,44,Cooking,"Espresso Machine, Recipe Book, Apron, Spice Set, Kitchen Towels",,,
Female,44,Fashion,"Elegant Jewelry Set, Wallet, Watch, Sunglasses, Backpack",,,
Female,44,Fitness,"Adjustable Dumbbells, Resistance Band, Gym Bottle, Yoga Mat, Towel",,,
Female,44,Gardening,"Gardening Kit, Plant Pot, Garden Gloves, Watering Can, Seed Kit",,,
Female,44,Photography,"Lens Cleaning Kit, Photo Album, Tripod, Lens Cloth, Camera Strap",,,
Female,44,Reading,"Leather-bound Classic Book, Bookmark Set, Novel, Book Light, Book Cover",,,
Female,44,Technology,"Smart Home Assistant, USB Drive, Phone Stand, Power Bank, Cable Organizer",,,
Female,44,Travel,"Hardshell Travel Luggage, Travel Pouch, Luggage Tag, Neck Pillow, Water Bottle",,,
Female,45,Cooking,"Cast Iron Skillet, Recipe Book, Apron, Spice Set, Kitchen Towels",,,
Female,45,Fashion,"Leather Briefcase, Wallet, Watch, Sunglasses, Backpack",,,
Female,45,Fitness,"Smart Fitness Band, Resistance Band, Gym Bottle, Yoga Mat, Towel",,,
Female,45,Gardening,"Smart Indoor Herb Garden, Plant Pot, Garden Gloves, Watering Can, Seed Kit",,,
Female,45,Photography,"Camera Tripod, Photo Album, Tripod, Lens Cloth, Camera Strap",,,
Female,45,Reading,"Book Collection, Bookmark Set, Novel, Book Light, Book Cover",,,
Female,45,Technology,"Wireless Charging Station, USB Drive, Phone Stand, Power Bank, Cable Organizer",,,
Female,45,Travel,"Noise Canceling Headphones, Travel Pouch, Luggage Tag, Neck Pillow, Water Bottle",,,
Female,46,Cooking,"Air Fryer, Recipe Book, Apron, Spice Set, Kitchen Towels",,,
Female,46,Fashion,"Premium Handbag, Wallet, Watch, Sunglasses, Backpack",,,
Female,46,Fitness,"Yoga Mat & Roller Set, Resistance Band, Gym Bottle, Yoga Mat, Towel",,,
Female,46,Gardening,"Ergonomic Gardening Tools, Plant Pot, Garden Gloves, Watering Can, Seed Kit",,,
Female,46,Photography,"Professional Camera Bag, Photo Album, Tripod, Lens Cloth, Camera Strap",,,
Female,46,Reading,"Kindle Paperwhite, Bookmark Set, Novel, Book Light, Book Cover",,,
Female,46,Technology,"Tablet Device, USB Drive, Phone Stand, Power Bank, Cable Organizer",,,
Female,46,Travel,"Travel Neck Pillow Kit, Travel Pouch, Luggage Tag, Neck Pillow, Water Bottle",,,
Female,47,Cooking,"Espresso Machine, Recipe Book, Apron, Spice Set, Kitchen Towels",,,
Female,47,Fashion,"Elegant Jewelry Set, Wallet, Watch, Sunglasses, Backpack",,,
Female,47,Fitness,"Adjustable Dumbbells, Resistance Band, Gym Bottle, Yoga Mat, Towel",,,
Female,47,Gardening,"Gardening Kit, Plant Pot, Garden Gloves, Watering Can, Seed Kit",,,
Female,47,Photography,"Lens Cleaning Kit, Photo Album, Tripod, Lens Cloth, Camera Strap",,,
Female,47,Reading,"Leather-bound Classic Book, Bookmark Set, Novel, Book Light, Book Cover",,,
Female,47,Technology,"Smart Home Assistant, USB Drive, Phone Stand, Power Bank, Cable Organizer",,,
Female,47,Travel,"Hardshell Travel Luggage, Travel Pouch, Luggage Tag, Neck Pillow, Water Bottle",,,
Female,48,Cooking,"Cast Iron Skillet, Recipe Book, Apron, Spice Set, Kitchen Towels",,,
Female,48,Fashion,"Leather Briefcase, Wallet, Watch, Sunglasses, Backpack",,,
Female,48,Fitness,"Smart Fitness Band, Resistance Band, Gym Bottle, Yoga Mat, Towel",,,
Female,48,Gardening,"Smart Indoor Herb Garden, Plant Pot, Garden Gloves, Watering Can, Seed Kit",,,
Female,48,Photography,"Camera Tripod, Photo Album, Tripod, Lens Cloth, Camera Strap",,,
Female,48,Reading,"Book Collection, Bookmark Set, Novel, Book Light, Book Cover",,,
Female,48,Technology,"Wireless Charging Station, USB Drive, Phone Stand, Power Bank, Cable Organizer",,,
Female,48,Travel,"Noise Canceling Headphones, Travel Pouch, Luggage Tag, Neck Pillow, Water Bottle",,,
Female,49,Cooking,"Air Fryer, Recipe Book, Apron, Spice Set, Kitchen Towels",,,
Female,49,Fashion,"Premium Handbag, Wallet, Watch, Sunglasses, Backpack",,,
Female,49,Fitness,"Yoga Mat & Roller Set, Resistance Band, Gym Bottle, Yoga Mat, Towel",,,
Female,49,Gardening,"Ergonomic Gardening Tools, Plant Pot, Garden Gloves, Watering Can, Seed Kit",,,
Female,49,Photography,"Professional Camera Bag, Photo Album, Tripod, Lens Cloth, Camera Strap",,,
Female,49,Reading,"Kindle Paperwhite, Bookmark Set, Novel, Book Light, Book Cover",,,
Female,49,Technology,"Tablet Device, USB Drive, Phone Stand, Power Bank, Cable Organizer",,,
Female,49,Travel,"Travel Neck Pillow Kit, Travel Pouch, Luggage Tag, Neck Pillow, Water Bottle",,,
Female,50,Cooking,"Espresso Machine, Recipe Book, Apron, Spice Set, Kitchen Towels",,,
Female,50,Fashion,"Elegant Jewelry Set, Wallet, Watch, Sunglasses, Backpack",,,
Female,50,Fitness,"Adjustable Dumbbells, Resistance Band, Gym Bottle, Yoga Mat, Towel",,,
Female,50,Gardening,"Gardening Kit, Plant Pot, Garden Gloves, Watering Can, Seed Kit",,,
Female,50,Photography,"Lens Cleaning Kit, Photo Album, Tripod, Lens Cloth, Camera Strap",,,
Female,50,Reading,"Leather-bound Classic Book, Bookmark Set, Novel, Book Light, Book Cover",,,
Female,50,Technology,"Smart Home Assistant, USB Drive, Phone Stand, Power Bank, Cable Organizer",,,
Female,50,Travel,"Hardshell Travel Luggage, Travel Pouch, Luggage Tag, Neck Pillow, Water Bottle",,,
Female,51,Cooking,"Cast Iron Skillet, Recipe Book, Apron, Spice Set, Kitchen Towels",,,
Female,51,Fashion,"Leather Briefcase, Wallet, Watch, Sunglasses, Backpack",,,
Female,51,Fitness,"Smart Fitness Band, Resistance Band, Gym Bottle, Yoga Mat, Towel",,,
Female,51,Gardening,"Smart Indoor Herb Garden, Plant Pot, Garden Gloves, Watering Can, Seed Kit",,,
Female,51,Photography,"Camera Tripod, Photo Album, Tripod, Lens Cloth, Camera Strap",,,
Female,51,Reading,"Book Collection, Bookmark Set, Novel, Book Light, Book Cover",,,
Female,51,Technology,"Wireless Charging Station, USB Drive, Phone Stand, Power Bank, Cable Organizer",,,
Female,51,Travel,"Noise Canceling Headphones, Travel Pouch, Luggage Tag, Neck Pillow, Water Bottle",,,
Female,52,Cooking,"Air Fryer, Recipe Book, Apron, Spice Set, Kitchen Towels",,,
Female,52,Fashion,"Premium Handbag, Wallet, Watch, Sunglasses, Backpack",,,
Female,52,Fitness,"Yoga Mat & Roller Set, Resistance Band, Gym Bottle, Yoga Mat, Towel",,,
Female,52,Gardening,"Ergonomic Gardening Tools, Plant Pot, Garden Gloves, Watering Can, Seed Kit",,,
Female,52,Photography,"Professional Camera Bag, Photo Album, Tripod, Lens Cloth, Camera Strap",,,
Female,52,Reading,"Kindle Paperwhite, Bookmark Set, Novel, Book Light, Book Cover",,,
Female,52,Technology,"Tablet Device, USB Drive, Phone Stand, Power Bank, Cable Organizer",,,
Female,52,Travel,"Travel Neck Pillow Kit, Travel Pouch, Luggage Tag, Neck Pillow, Water Bottle",,,
Female,53,Cooking,"Espresso Machine, Recipe Book, Apron, Spice Set, Kitchen Towels",,,
Female,53,Fashion,"Elegant Jewelry Set, Wallet, Watch, Sunglasses, Backpack",,,
Female,53,Fitness,"Adjustable Dumbbells, Resistance Band, Gym Bottle, Yoga Mat, Towel",,,
Female,53,Gardening,"Gardening Kit, Plant Pot, Garden Gloves, Watering Can, Seed Kit",,,
Female,53,Photography,"Lens Cleaning Kit, Photo Album, Tripod, Lens Cloth, Camera Strap",,,
Female,53,Reading,"Leather-bound Classic Book, Bookmark Set, Novel, Book Light, Book Cover",,,
Female,53,Technology,"Smart Home Assistant, USB Drive, Phone Stand, Power Bank, Cable Organizer",,,
Female,53,Travel,"Hardshell Travel Luggage, Travel Pouch, Luggage Tag, Neck Pillow, Water Bottle",,,
Female,54,Cooking,"Cast Iron Skillet, Recipe Book, Apron, Spice Set, Kitchen Towels",,,
Female,54,Fashion,"Leather Briefcase, Wallet, Watch, Sunglasses, Backpack",,,
Female,54,Fitness,"Smart Fitness Band, Resistance Band, Gym Bottle, Yoga Mat, Towel",,,
Female,54,Gardening,"Smart Indoor Herb Garden, Plant Pot, Garden Gloves, Watering Can, Seed Kit",,,
Female,54,Photography,"Camera Tripod, Photo Album, Tripod, Lens Cloth, Camera Strap",,,
Female,54,Reading,"Book Collection, Bookmark Set, Novel, Book Light, Book Cover",,,
Female,54,Technology,"Wireless Charging Station, USB Drive, Phone Stand, Power Bank, Cable Organizer",,,
Female,54,Travel,"Noise Canceling Headphones, Travel Pouch, Luggage Tag, Neck Pillow, Water Bottle",,,
Female,55,Cooking,"Air Fryer, Recipe Book, Apron, Spice Set, Kitchen Towels",,,
Female,55,Fashion,"Premium Handbag, Wallet, Watch, Sunglasses, Backpack",,,
Female,55,Fitness,"Yoga Mat & Roller Set, Resistance Band, Gym Bottle, Yoga Mat, Towel",,,
Female,55,Gardening,"Ergonomic Gardening Tools, Plant Pot, Garden Gloves, Watering Can, Seed Kit",,,
Female,55,Photography,"Professional Camera Bag, Photo Album, Tripod, Lens Cloth, Camera Strap",,,
Female,55,Reading,"Kindle Paperwhite, Bookmark Set, Novel, Book Light, Book Cover",,,
Female,55,Technology,"Tablet Device, USB Drive, Phone Stand, Power Bank, Cable Organizer",,,
Female,55,Travel,"Travel Neck Pillow Kit, Travel Pouch, Luggage Tag, Neck Pillow, Water Bottle",,,
Female,56,Art,"Watercolor Paint Kit, Paint Set, Canvas Pad, Brush Kit, Craft Box",,,
Female,56,Cooking,"Engraved Wooden Cutting Board, Recipe Book, Apron, Spice Set, Kitchen Towels",,,
Female,56,Gardening,"Gardening Kit, Plant Pot, Garden Gloves, Watering Can, Seed Kit",,,
Female,56,Music,"TV Soundbar Upgrade, Headphones, Music Book, Tambourine, Bluetooth Speaker",,,
Female,56,Reading,"Large Print Novel Book, Bookmark Set, Novel, Book Light, Book Cover",,,
Female,56,Technology,"Tablet with Stand, USB Drive, Phone Stand, Power Bank, Cable Organizer",,,
Female,57,Art,"Adult Coloring Book & Pencil Set, Paint Set, Canvas Pad, Brush Kit, Craft Box",,,
Female,57,Cooking,"Premium Olive Oil Set, Recipe Book, Apron, Spice Set, Kitchen Towels",,,
Female,57,Gardening,"Raised Garden Bed Planter, Plant Pot, Garden Gloves, Watering Can, Seed Kit",,,
Female,57,Music,"Classic Vinyl Record Compilation, Headphones, Music Book, Tambourine, Bluetooth Speaker",,,
Female,57,Reading,"Book Collection, Bookmark Set, Novel, Book Light, Book Cover",,,
Female,57,Technology,"Key Finder Bluetooth Tracker, USB Drive, Phone Stand, Power Bank, Cable Organizer",,,
Female,58,Art,"Watercolor Paint Kit, Paint Set, Canvas Pad, Brush Kit, Craft Box",,,
Female,58,Cooking,"Electric Wine Opener, Recipe Book, Apron, Spice Set, Kitchen Towels",,,
Female,58,Gardening,"Heavy-Duty Garden Kneeler, Plant Pot, Garden Gloves, Watering Can, Seed Kit",,,
Female,58,Music,"TV Soundbar Upgrade, Headphones, Music Book, Tambourine, Bluetooth Speaker",,,
Female,58,Reading,"Magnifying Reading Glass, Bookmark Set, Novel, Book Light, Book Cover",,,
Female,58,Technology,"Digital Photo Frame, USB Drive, Phone Stand, Power Bank, Cable Organizer",,,
Female,59,Art,"Adult Coloring Book & Pencil Set, Paint Set, Canvas Pad, Brush Kit, Craft Box",,,
Female,59,Cooking,"Engraved Wooden Cutting Board, Recipe Book, Apron, Spice Set, Kitchen Towels",,,
Female,59,Gardening,"Gardening Kit, Plant Pot, Garden Gloves, Watering Can, Seed Kit",,,
Female,59,Music,"Classic Vinyl Record Compilation, Headphones, Music Book, Tambourine, Bluetooth Speaker",,,
Female,59,Reading,"Large Print Novel Book, Bookmark Set, Novel, Book Light, Book Cover",,,
Female,59,Technology,"Tablet with Stand, USB Drive, Phone Stand, Power Bank, Cable Organizer",,,
Female,60,Art,"Watercolor Paint Kit, Paint Set, Canvas Pad, Brush Kit, Craft Box",,,
Female,60,Cooking,"Premium Olive Oil Set, Recipe Book, Apron, Spice Set, Kitchen Towels",,,
Female,60,Gardening,"Raised Garden Bed Planter, Plant Pot, Garden Gloves, Watering Can, Seed Kit",,,
Female,60,Music,"TV Soundbar Upgrade, Headphones, Music Book, Tambourine, Bluetooth Speaker",,,
Female,60,Reading,"Book Collection, Bookmark Set, Novel, Book Light, Book Cover",,,
Female,60,Technology,"Key Finder Bluetooth Tracker, USB Drive, Phone Stand, Power Bank, Cable Organizer",,,
Female,61,Art,"Adult Coloring Book & Pencil Set, Paint Set, Canvas Pad, Brush Kit, Craft Box",,,
Female,61,Cooking,"Electric Wine Opener, Recipe Book, Apron, Spice Set, Kitchen Towels",,,
Female,61,Gardening,"Heavy-Duty Garden Kneeler, Plant Pot, Garden Gloves, Watering Can, Seed Kit",,,
Female,61,Music,"Classic Vinyl Record Compilation, Headphones, Music Book, Tambourine, Bluetooth Speaker",,,
Female,61,Reading,"Magnifying Reading Glass, Bookmark Set, Novel, Book Light, Book Cover",,,
Female,61,Technology,"Digital Photo Frame, USB Drive, Phone Stand, Power Bank, Cable Organizer",,,
Female,62,Art,"Watercolor Paint Kit, Paint Set, Canvas Pad, Brush Kit, Craft Box",,,
Female,62,Cooking,"Engraved Wooden Cutting Board, Recipe Book, Apron, Spice Set, Kitchen Towels",,,
Female,62,Gardening,"Gardening Kit, Plant Pot, Garden Gloves, Watering Can, Seed Kit",,,
Female,62,Music,"TV Soundbar Upgrade, Headphones, Music Book, Tambourine, Bluetooth Speaker",,,
Female,62,Reading,"Large Print Novel Book, Bookmark Set, Novel, Book Light, Book Cover",,,
Female,62,Technology,"Tablet with Stand, USB Drive, Phone Stand, Power Bank, Cable Organizer",,,
Female,63,Art,"Adult Coloring Book & Pencil Set, Paint Set, Canvas Pad, Brush Kit, Craft Box",,,
Female,63,Cooking,"Premium Olive Oil Set, Recipe Book, Apron, Spice Set, Kitchen Towels",,,
Female,63,Gardening,"Raised Garden Bed Planter, Plant Pot, Garden Gloves, Watering Can, Seed Kit",,,
Female,63,Music,"Classic Vinyl Record Compilation, Headphones, Music Book, Tambourine, Bluetooth Speaker",,,
Female,63,Reading,"Book Collection, Bookmark Set, Novel, Book Light, Book Cover",,,
Female,63,Technology,"Key Finder Bluetooth Tracker, USB Drive, Phone Stand, Power Bank, Cable Organizer",,,
Female,64,Art,"Watercolor Paint Kit, Paint Set, Canvas Pad, Brush Kit, Craft Box",,,
Female,64,Cooking,"Electric Wine Opener, Recipe Book, Apron, Spice Set, Kitchen Towels",,,
Female,64,Gardening,"Heavy-Duty Garden Kneeler, Plant Pot, Garden Gloves, Watering Can, Seed Kit",,,
Female,64,Music,"TV Soundbar Upgrade, Headphones, Music Book, Tambourine, Bluetooth Speaker",,,
Female,64,Reading,"Magnifying Reading Glass, Bookmark Set, Novel, Book Light, Book Cover",,,
Female,64,Technology,"Digital Photo Frame, USB Drive, Phone Stand, Power Bank, Cable Organizer",,,
Female,65,Art,"Adult Coloring Book & Pencil Set, Paint Set, Canvas Pad, Brush Kit, Craft Box",,,
Female,65,Cooking,"Engraved Wooden Cutting Board, Recipe Book, Apron, Spice Set, Kitchen Towels",,,
Female,65,Gardening,"Gardening Kit, Plant Pot, Garden Gloves, Watering Can, Seed Kit",,,
Female,65,Music,"Classic Vinyl Record Compilation, Headphones, Music Book, Tambourine, Bluetooth Speaker",,,
Female,65,Reading,"Large Print Novel Book, Bookmark Set, Novel, Book Light, Book Cover",,,
Female,65,Technology,"Tablet with Stand, USB Drive, Phone Stand, Power Bank, Cable Organizer",,,
Female,66,Art,"Watercolor Paint Kit, Paint Set, Canvas Pad, Brush Kit, Craft Box",,,
Female,66,Cooking,"Premium Olive Oil Set, Recipe Book, Apron, Spice Set, Kitchen Towels",,,
Female,66,Gardening,"Raised Garden Bed Planter, Plant Pot, Garden Gloves, Watering Can, Seed Kit",,,
Female,66,Music,"TV Soundbar Upgrade, Headphones, Music Book, Tambourine, Bluetooth Speaker",,,
Female,66,Reading,"Book Collection, Bookmark Set, Novel, Book Light, Book Cover",,,
Female,66,Technology,"Key Finder Bluetooth Tracker, USB Drive, Phone Stand, Power Bank, Cable Organizer",,,
Female,67,Art,"Adult Coloring Book & Pencil Set, Paint Set, Canvas Pad, Brush Kit, Craft Box",,,
Female,67,Cooking,"Electric Wine Opener, Recipe Book, Apron, Spice Set, Kitchen Towels",,,
Female,67,Gardening,"Heavy-Duty Garden Kneeler, Plant Pot, Garden Gloves, Watering Can, Seed Kit",,,
Female,67,Music,"Classic Vinyl Record Compilation, Headphones, Music Book, Tambourine, Bluetooth Speaker",,,
Female,67,Reading,"Magnifying Reading Glass, Bookmark Set, Novel, Book Light, Book Cover",,,
Female,67,Technology,"Digital Photo Frame, USB Drive, Phone Stand, Power Bank, Cable Organizer",,,
Female,68,Art,"Watercolor Paint Kit, Paint Set, Canvas Pad, Brush Kit, Craft Box",,,
Female,68,Cooking,"Engraved Wooden Cutting Board, Recipe Book, Apron, Spice Set, Kitchen Towels",,,
Female,68,Gardening,"Gardening Kit, Plant Pot, Garden Gloves, Watering Can, Seed Kit",,,
Female,68,Music,"TV Soundbar Upgrade, Headphones, Music Book, Tambourine, Bluetooth Speaker",,,
Female,68,Reading,"Large Print Novel Book, Bookmark Set, Novel, Book Light, Book Cover",,,
Female,68,Technology,"Tablet with Stand, USB Drive, Phone Stand, Power Bank, Cable Organizer",,,
Female,69,Art,"Adult Coloring Book & Pencil Set, Paint Set, Canvas Pad, Brush Kit, Craft Box",,,
Female,69,Cooking,"Premium Olive Oil Set, Recipe Book, Apron, Spice Set, Kitchen Towels",,,
Female,69,Gardening,"Raised Garden Bed Planter, Plant Pot, Garden Gloves, Watering Can, Seed Kit",,,
Female,69,Music,"Classic Vinyl Record Compilation, Headphones, Music Book, Tambourine, Bluetooth Speaker",,,
Female,69,Reading,"Book Collection, Bookmark Set, Novel, Book Light, Book Cover",,,
Female,69,Technology,"Key Finder Bluetooth Tracker, USB Drive, Phone Stand, Power Bank, Cable Organizer",,,
Female,70,Art,"Watercolor Paint Kit, Paint Set, Canvas Pad, Brush Kit, Craft Box",,,
Female,70,Cooking,"Electric Wine Opener, Recipe Book, Apron, Spice Set, Kitchen Towels",,,
Female,70,Gardening,"Heavy-Duty Garden Kneeler, Plant Pot, Garden Gloves, Watering Can, Seed Kit",,,
Female,70,Music,"TV Soundbar Upgrade, Headphones, Music Book, Tambourine, Bluetooth Speaker",,,
Female,70,Reading,"Magnifying Reading Glass, Bookmark Set, Novel, Book Light, Book Cover",,,
Female,70,Technology,"Digital Photo Frame, USB Drive, Phone Stand, Power Bank, Cable Organizer",,,
